Name,Career Height,Career Weight,Career Points,Career Games,Career Assists,Career Def Rebounds,Career Off Rebounds,Career Turnovers,Career Blocks,Career Steals,Career Free Throw Percentage,Career Three Point Percentage,Career Field Goal Percentage,Career PER,Career Win Shares,Offensive Win Shares,Defensive Win Shares,Career Usage Percentage,VORP,Box Plus Minus,True Shooting Per,PPG,APG,TPG,BPG,SPG,RPG
De'Andre Hunter,79.0,225.0,778.0,63.0,112.0,242.0,44.0,103.0,18.0,44.0,0.764,0.355,0.41,8.6,0.1,-0.4,0.5,17.5,-1.4,-4.7,0.521,12.34920634920635,1.7777777777777777,1.6349206349206349,0.2857142857142857,0.6984126984126984,4.5396825396825395
Trae Young,73.0,180.0,3327.0,141.0,1213.0,460.0,96.0,597.0,23.0,137.0,0.847,0.344,0.428,20.2,9.2,7.9,1.2,31.4,4.0,1.5,0.567,23.595744680851062,8.602836879432624,4.23404255319149,0.16312056737588654,0.9716312056737588,3.9432624113475176
Vince Carter,78.0,220.0,25728.0,1541.0,4714.0,4948.0,1658.0,2590.0,888.0,1530.0,0.798,0.371,0.435,18.6,125.3,80.7,44.6,26.3,57.9,3.0,0.536,16.695652173913043,3.0590525632706034,1.680726800778715,0.5762491888384166,0.9928617780661908,4.286826735885788
Cam Reddish,80.0,208.0,610.0,58.0,87.0,181.0,35.0,96.0,28.0,62.0,0.802,0.332,0.384,9.0,-0.4,-1.2,0.8,18.9,-0.9,-4.2,0.5,10.517241379310345,1.5,1.6551724137931034,0.4827586206896552,1.0689655172413792,3.7241379310344827
Kevin Huerter,79.0,190.0,1411.0,131.0,427.0,378.0,95.0,196.0,52.0,116.0,0.783,0.383,0.416,10.8,3.0,1.7,1.3,16.3,0.0,-2.0,0.535,10.770992366412214,3.2595419847328246,1.4961832061068703,0.3969465648854962,0.8854961832061069,3.6106870229007635
Bruno Fernando,81.0,233.0,240.0,56.0,49.0,131.0,67.0,42.0,17.0,18.0,0.569,0.135,0.518,11.9,0.8,0.4,0.4,15.3,-0.4,-4.1,0.542,4.285714285714286,0.875,0.75,0.30357142857142855,0.32142857142857145,3.5357142857142856
Damian Jones,83.0,245.0,480.0,104.0,65.0,199.0,119.0,54.0,72.0,40.0,0.676,0.222,0.666,14.4,4.4,3.1,1.3,11.6,0.2,-1.5,0.686,4.615384615384615,0.625,0.5192307692307693,0.6923076923076923,0.38461538461538464,3.0576923076923075
DeAndre' Bembry,77.0,210.0,1173.0,189.0,360.0,531.0,110.0,265.0,77.0,189.0,0.592,0.269,0.448,9.9,1.0,-2.3,3.4,16.2,-0.8,-2.8,0.5,6.2063492063492065,1.9047619047619047,1.402116402116402,0.4074074074074074,1.0,3.391534391534391
John Collins,81.0,235.0,2850.0,176.0,279.0,1041.0,511.0,300.0,185.0,100.0,0.757,0.369,0.571,21.0,16.4,12.2,4.2,21.4,3.9,1.1,0.634,16.193181818181817,1.5852272727272727,1.7045454545454546,1.0511363636363635,0.5681818181818182,8.818181818181818
Brandon Goodwin,72.0,180.0,229.0,50.0,65.0,63.0,12.0,32.0,4.0,12.0,0.902,0.301,0.385,11.3,0.1,0.0,0.2,22.5,-0.2,-3.6,0.496,4.58,1.3,0.64,0.08,0.24,1.5
Jeff Teague,75.0,195.0,9690.0,771.0,4453.0,1642.0,259.0,1739.0,265.0,902.0,0.844,0.356,0.445,17.0,50.8,30.6,20.2,22.5,14.4,0.7,0.549,12.568093385214008,5.775616083009079,2.2555123216601816,0.3437094682230869,1.1699092088197147,2.4656290531776914
Treveon Graham,77.0,223.0,757.0,180.0,144.0,279.0,121.0,76.0,16.0,76.0,0.691,0.333,0.383,7.6,2.8,1.0,1.8,12.3,-1.3,-3.8,0.497,4.205555555555556,0.8,0.4222222222222222,0.08888888888888889,0.4222222222222222,2.2222222222222223
Dewayne Dedmon,84.0,245.0,2521.0,394.0,273.0,1747.0,617.0,389.0,342.0,216.0,0.732,0.333,0.516,14.7,17.6,7.2,10.4,15.3,1.6,-1.1,0.584,6.398477157360406,0.6928934010152284,0.9873096446700508,0.868020304568528,0.5482233502538071,6.0
Spencer Dinwiddie,77.0,215.0,4103.0,317.0,1578.0,742.0,133.0,560.0,90.0,214.0,0.793,0.318,0.41,15.5,18.6,12.7,5.9,22.6,4.8,0.3,0.542,12.943217665615142,4.977917981072555,1.7665615141955835,0.28391167192429023,0.6750788643533123,2.7602523659305995
Taurean Prince,79.0,218.0,3008.0,260.0,503.0,979.0,147.0,479.0,113.0,238.0,0.818,0.366,0.412,11.2,5.3,-1.3,6.6,20.4,0.1,-1.9,0.536,11.569230769230769,1.9346153846153846,1.8423076923076922,0.4346153846153846,0.9153846153846154,4.3307692307692305
Jarrett Allen,83.0,237.0,2141.0,216.0,244.0,1135.0,530.0,257.0,293.0,108.0,0.692,0.169,0.607,18.8,19.0,11.4,7.6,15.7,4.0,1.1,0.641,9.912037037037036,1.1296296296296295,1.1898148148148149,1.3564814814814814,0.5,7.708333333333334
Joe Harris,78.0,220.0,3332.0,325.0,521.0,828.0,186.0,388.0,63.0,148.0,0.786,0.423,0.474,12.1,14.2,9.0,5.2,16.9,2.3,-0.8,0.61,10.252307692307692,1.603076923076923,1.1938461538461538,0.19384615384615383,0.4553846153846154,3.12
DeAndre Jordan,83.0,265.0,8301.0,875.0,818.0,6650.0,2801.0,1209.0,1402.0,508.0,0.474,0.091,0.669,18.6,88.7,48.3,40.4,14.1,20.9,1.4,0.639,9.486857142857144,0.9348571428571428,1.3817142857142857,1.6022857142857143,0.5805714285714285,10.801142857142857
Garrett Temple,77.0,195.0,3582.0,569.0,975.0,1062.0,227.0,535.0,178.0,481.0,0.733,0.347,0.403,9.6,13.5,1.8,11.7,14.8,0.1,-2.0,0.518,6.295254833040421,1.7135325131810193,0.9402460456942003,0.31282952548330406,0.8453427065026362,2.265377855887522
Caris LeVert,78.0,205.0,2565.0,207.0,724.0,607.0,151.0,379.0,51.0,217.0,0.711,0.342,0.43,14.1,6.9,2.0,4.9,22.8,1.8,-0.6,0.522,12.391304347826088,3.497584541062802,1.8309178743961352,0.2463768115942029,1.0483091787439613,3.661835748792271
Wilson Chandler,80.0,235.0,8463.0,676.0,1205.0,2808.0,766.0,931.0,414.0,470.0,0.77,0.341,0.443,12.8,29.0,15.3,13.8,19.1,3.5,-1.3,0.53,12.51923076923077,1.782544378698225,1.3772189349112427,0.6124260355029586,0.6952662721893491,5.28698224852071
Kyrie Irving,74.0,195.0,11842.0,528.0,3012.0,1548.0,407.0,1395.0,187.0,699.0,0.877,0.39,0.466,22.2,61.3,45.8,15.5,29.3,29.2,4.5,0.572,22.428030303030305,5.704545454545454,2.6420454545454546,0.3541666666666667,1.3238636363636365,3.702651515151515
Nicolas Claxton,83.0,215.0,66.0,15.0,16.0,25.0,19.0,9.0,8.0,1.0,0.524,0.143,0.563,14.9,0.5,0.3,0.2,14.8,0.1,-0.7,0.577,4.4,1.0666666666666667,0.6,0.5333333333333333,0.06666666666666667,2.9333333333333336
Chris Chiozza,71.0,175.0,90.0,28.0,52.0,32.0,7.0,18.0,3.0,16.0,1.0,0.435,0.391,12.2,0.4,0.1,0.3,15.7,0.2,0.5,0.512,3.2142857142857144,1.8571428571428572,0.6428571428571429,0.10714285714285714,0.5714285714285714,1.3928571428571428
Justin Anderson,78.0,230.0,1157.0,219.0,143.0,420.0,136.0,129.0,69.0,97.0,0.776,0.3,0.418,12.8,4.6,1.4,3.2,18.8,0.6,-1.2,0.529,5.28310502283105,0.6529680365296804,0.589041095890411,0.3150684931506849,0.4429223744292237,2.538812785388128
Lance Thomas,80.0,240.0,2026.0,392.0,260.0,717.0,291.0,260.0,55.0,148.0,0.797,0.383,0.417,8.3,5.4,2.5,2.9,13.9,-4.0,-4.2,0.51,5.168367346938775,0.6632653061224489,0.6632653061224489,0.14030612244897958,0.37755102040816324,2.571428571428571
Kevin Durant,82.0,240.0,22940.0,849.0,3486.0,5375.0,617.0,2653.0,941.0,948.0,0.883,0.381,0.493,25.2,141.7,101.0,40.8,30.1,69.0,6.7,0.613,27.02002355712603,4.106007067137809,3.1248527679623086,1.1083627797408717,1.11660777385159,7.057714958775029
Tyler Johnson,75.0,190.0,3146.0,301.0,735.0,786.0,170.0,349.0,136.0,267.0,0.77,0.358,0.43,13.4,15.1,6.9,8.2,18.8,3.9,0.0,0.537,10.451827242524917,2.441860465116279,1.159468438538206,0.45182724252491696,0.8870431893687708,3.176079734219269
Jamal Crawford,77.0,185.0,19414.0,1326.0,4538.0,2482.0,466.0,2476.0,271.0,1179.0,0.862,0.348,0.41,15.1,60.6,42.0,18.6,24.1,18.4,-0.1,0.529,14.64102564102564,3.4223227752639516,1.8672699849170438,0.20437405731523378,0.8891402714932126,2.2232277526395174
Brad Wanamaker,75.0,210.0,553.0,99.0,214.0,143.0,22.0,89.0,14.0,64.0,0.917,0.38,0.44,12.3,3.7,1.8,1.9,15.8,0.3,-1.2,0.569,5.585858585858586,2.1616161616161618,0.898989898989899,0.1414141414141414,0.6464646464646465,1.6666666666666665
Grant Williams,78.0,236.0,218.0,62.0,62.0,107.0,58.0,46.0,33.0,28.0,0.725,0.247,0.417,8.0,1.5,0.2,1.3,11.5,-0.1,-2.6,0.508,3.5161290322580645,1.0,0.7419354838709677,0.532258064516129,0.45161290322580644,2.661290322580645
Semi Ojeleye,78.0,235.0,572.0,190.0,74.0,286.0,85.0,56.0,13.0,49.0,0.685,0.333,0.39,6.5,3.6,0.8,2.8,10.1,-1.0,-3.5,0.518,3.0105263157894737,0.3894736842105263,0.29473684210526313,0.06842105263157895,0.2578947368421053,1.9526315789473685
Jayson Tatum,80.0,204.0,3745.0,218.0,470.0,1120.0,177.0,368.0,168.0,250.0,0.827,0.399,0.456,16.7,18.3,7.5,10.8,23.1,6.2,1.5,0.564,17.178899082568808,2.1559633027522938,1.688073394495413,0.7706422018348624,1.146788990825688,5.94954128440367
Marcus Smart,75.0,227.0,3888.0,394.0,1594.0,1054.0,355.0,670.0,148.0,615.0,0.774,0.318,0.374,12.1,20.3,5.0,15.3,17.4,4.9,-0.3,0.501,9.868020304568528,4.0456852791878175,1.700507614213198,0.3756345177664975,1.5609137055837563,3.5761421319796955
Kemba Walker,72.0,172.0,13069.0,655.0,3555.0,2139.0,382.0,1424.0,258.0,846.0,0.838,0.36,0.418,19.4,54.0,34.8,19.2,27.3,27.5,2.9,0.538,19.95267175572519,5.427480916030534,2.1740458015267174,0.3938931297709924,1.2916030534351146,3.8488549618320613
Jaylen Brown,78.0,223.0,3518.0,272.0,387.0,967.0,230.0,407.0,92.0,230.0,0.68,0.37,0.47,13.8,13.5,4.2,9.2,21.7,1.4,-1.2,0.562,12.933823529411764,1.4227941176470589,1.4963235294117647,0.3382352941176471,0.8455882352941176,4.400735294117647
Gordon Hayward,79.0,207.0,9682.0,634.0,2191.0,2293.0,473.0,1243.0,258.0,624.0,0.822,0.366,0.451,17.5,52.9,35.0,17.9,22.8,20.8,2.2,0.566,15.271293375394322,3.4558359621451102,1.9605678233438486,0.4069400630914827,0.9842271293375394,4.3627760252365935
Javonte Green,76.0,220.0,127.0,44.0,23.0,62.0,18.0,18.0,7.0,23.0,0.639,0.261,0.5,12.3,1.0,0.3,0.7,13.6,0.1,-0.6,0.558,2.8863636363636362,0.5227272727272727,0.4090909090909091,0.1590909090909091,0.5227272727272727,1.8181818181818183
Carsen Edwards,71.0,200.0,106.0,35.0,22.0,37.0,6.0,15.0,3.0,10.0,0.846,0.309,0.327,6.5,0.1,-0.3,0.4,18.1,-0.2,-4.9,0.446,3.0285714285714285,0.6285714285714286,0.42857142857142855,0.08571428571428572,0.2857142857142857,1.2285714285714286
Romeo Langford,76.0,216.0,69.0,27.0,6.0,18.0,14.0,9.0,6.0,8.0,0.696,0.217,0.375,6.0,0.2,-0.1,0.3,11.9,-0.2,-4.6,0.465,2.5555555555555554,0.2222222222222222,0.3333333333333333,0.2222222222222222,0.2962962962962963,1.1851851851851851
Tremont Waters,70.0,175.0,33.0,10.0,12.0,9.0,0.0,10.0,2.0,5.0,1.0,0.176,0.343,6.5,-0.1,-0.2,0.1,22.9,-0.1,-6.5,0.438,3.3,1.2,1.0,0.2,0.5,0.9
Miles Bridges,78.0,225.0,1440.0,145.0,209.0,530.0,155.0,145.0,97.0,95.0,0.788,0.328,0.44,12.6,4.5,1.7,2.8,17.8,0.3,-1.7,0.531,9.931034482758621,1.4413793103448276,1.0,0.6689655172413793,0.6551724137931034,4.724137931034483
Devonte' Graham,73.0,185.0,1362.0,109.0,592.0,223.0,52.0,211.0,17.0,85.0,0.81,0.357,0.375,14.5,3.9,2.6,1.2,23.0,1.0,-0.6,0.523,12.495412844036696,5.431192660550459,1.9357798165137614,0.1559633027522936,0.7798165137614679,2.522935779816514
Terry Rozier,73.0,190.0,3224.0,335.0,890.0,1040.0,209.0,355.0,62.0,261.0,0.813,0.371,0.394,13.4,12.9,4.5,8.5,20.3,3.7,-0.1,0.512,9.623880597014926,2.656716417910448,1.0597014925373134,0.18507462686567164,0.7791044776119403,3.728358208955224
P.J. Washington,79.0,236.0,710.0,58.0,123.0,258.0,58.0,93.0,44.0,51.0,0.647,0.374,0.455,12.4,2.0,0.5,1.4,18.6,0.2,-1.6,0.547,12.241379310344827,2.1206896551724137,1.603448275862069,0.7586206896551724,0.8793103448275862,5.448275862068965
Cody Zeller,84.0,240.0,3611.0,419.0,583.0,1671.0,825.0,452.0,298.0,285.0,0.731,0.248,0.513,16.0,27.7,15.2,12.5,16.8,3.7,-0.5,0.571,8.618138424821002,1.3914081145584725,1.0787589498806682,0.711217183770883,0.6801909307875895,5.957040572792362
Malik Monk,75.0,200.0,1638.0,191.0,322.0,309.0,51.0,212.0,44.0,82.0,0.85,0.322,0.395,11.7,1.0,-0.8,1.8,24.1,-0.7,-2.9,0.51,8.575916230366492,1.6858638743455496,1.1099476439790577,0.23036649214659685,0.4293193717277487,1.8848167539267018
Cody Martin,77.0,205.0,238.0,48.0,95.0,120.0,38.0,44.0,9.0,39.0,0.646,0.234,0.43,10.5,1.0,0.2,0.8,13.6,0.0,-2.1,0.505,4.958333333333333,1.9791666666666667,0.9166666666666666,0.1875,0.8125,3.2916666666666665
Dwayne Bacon,78.0,221.0,715.0,135.0,137.0,286.0,27.0,78.0,9.0,51.0,0.718,0.345,0.403,8.0,0.3,-1.0,1.3,16.6,-1.6,-5.0,0.478,5.296296296296297,1.0148148148148148,0.5777777777777777,0.06666666666666667,0.37777777777777777,2.318518518518519
Caleb Martin,77.0,205.0,111.0,18.0,23.0,28.0,10.0,15.0,7.0,12.0,0.81,0.541,0.44,12.0,0.5,0.3,0.2,15.0,0.1,-1.0,0.595,6.166666666666667,1.2777777777777777,0.8333333333333334,0.3888888888888889,0.6666666666666666,2.111111111111111
Jalen McDaniels,82.0,192.0,89.0,16.0,13.0,50.0,15.0,11.0,3.0,8.0,0.824,0.375,0.471,10.7,0.5,0.2,0.2,13.3,-0.1,-3.3,0.574,5.5625,0.8125,0.6875,0.1875,0.5,4.0625
Joe Chealey,75.0,190.0,4.0,5.0,2.0,0.0,0.0,2.0,0.0,4.0,1.0,0.0,0.1,-1.9,-0.1,-0.2,0.0,13.8,-0.1,-13.0,0.184,0.8,0.4,0.4,0.0,0.8,0.0
Kobi Simmons,77.0,166.0,196.0,33.0,68.0,36.0,14.0,44.0,5.0,18.0,1.0,0.282,0.423,7.7,-0.2,-0.4,0.2,17.0,-0.8,-6.9,0.49,5.9393939393939394,2.0606060606060606,1.3333333333333333,0.15151515151515152,0.5454545454545454,1.5151515151515151
Coby White,76.0,185.0,859.0,65.0,175.0,202.0,28.0,109.0,6.0,49.0,0.791,0.354,0.394,11.9,0.9,-0.4,1.4,24.4,-0.3,-2.8,0.506,13.215384615384615,2.6923076923076925,1.676923076923077,0.09230769230769231,0.7538461538461538,3.5384615384615383
Thaddeus Young,80.0,220.0,12703.0,965.0,1607.0,3783.0,1931.0,1395.0,390.0,1407.0,0.67,0.333,0.498,16.2,61.6,28.7,32.9,20.2,16.9,0.3,0.538,13.163730569948186,1.6652849740932643,1.4455958549222798,0.40414507772020725,1.4580310880829015,5.921243523316062
Zach LaVine,78.0,181.0,6240.0,353.0,1275.0,1116.0,163.0,897.0,95.0,336.0,0.819,0.375,0.447,15.7,12.0,7.2,4.8,26.3,3.8,-0.6,0.555,17.677053824362606,3.6118980169971673,2.5410764872521248,0.26912181303116145,0.9518413597733711,3.623229461756374
Ryan Arcidiacono,75.0,195.0,853.0,163.0,400.0,306.0,48.0,113.0,7.0,105.0,0.829,0.373,0.433,10.4,5.3,3.5,1.8,11.6,-0.3,-2.4,0.574,5.233128834355829,2.4539877300613497,0.6932515337423313,0.04294478527607362,0.6441717791411042,2.1717791411042944
Kris Dunn,75.0,205.0,1884.0,227.0,948.0,670.0,90.0,411.0,101.0,351.0,0.726,0.306,0.422,11.9,3.9,-2.4,6.3,18.7,0.2,-1.8,0.481,8.299559471365638,4.176211453744493,1.8105726872246697,0.44493392070484583,1.5462555066079295,3.3480176211453743
Lauri Markkanen,84.0,240.0,2744.0,170.0,228.0,1078.0,213.0,249.0,96.0,118.0,0.848,0.356,0.43,15.7,8.7,4.0,4.7,22.7,2.2,-0.3,0.555,16.141176470588235,1.3411764705882352,1.464705882352941,0.5647058823529412,0.6941176470588235,7.594117647058823
Wendell Carter Jr.,81.0,259.0,939.0,87.0,129.0,486.0,226.0,137.0,94.0,59.0,0.761,0.197,0.508,15.4,5.2,2.4,2.7,17.6,0.0,-2.0,0.566,10.793103448275861,1.4827586206896552,1.5747126436781609,1.0804597701149425,0.6781609195402298,8.183908045977011
Shaquille Harrison,79.0,190.0,835.0,139.0,243.0,305.0,64.0,101.0,56.0,149.0,0.706,0.293,0.448,14.0,3.7,1.0,2.7,17.1,1.0,-0.3,0.517,6.0071942446043165,1.7482014388489209,0.7266187050359713,0.4028776978417266,1.0719424460431655,2.654676258992806
Denzel Valentine,76.0,210.0,1320.0,170.0,350.0,550.0,68.0,174.0,24.0,121.0,0.753,0.366,0.401,10.9,3.6,0.4,3.2,17.7,0.4,-1.6,0.516,7.764705882352941,2.0588235294117645,1.0235294117647058,0.1411764705882353,0.711764705882353,3.635294117647059
Luke Kornet,86.0,240.0,671.0,102.0,112.0,222.0,61.0,51.0,84.0,44.0,0.776,0.339,0.4,13.8,2.9,1.4,1.6,17.6,1.1,0.6,0.531,6.578431372549019,1.0980392156862746,0.5,0.8235294117647058,0.43137254901960786,2.7745098039215685
Chandler Hutchison,79.0,196.0,447.0,72.0,60.0,244.0,49.0,52.0,13.0,50.0,0.595,0.295,0.458,10.1,1.2,0.0,1.3,14.8,-0.5,-3.4,0.514,6.208333333333333,0.8333333333333334,0.7222222222222222,0.18055555555555555,0.6944444444444444,4.069444444444445
Otto Porter,80.0,198.0,4550.0,413.0,618.0,1561.0,476.0,331.0,183.0,486.0,0.789,0.404,0.482,15.6,29.9,17.3,12.6,16.9,10.4,1.7,0.579,11.016949152542374,1.4963680387409202,0.801452784503632,0.4430992736077482,1.1767554479418887,4.932203389830509
Max Strus,78.0,215.0,5.0,2.0,0.0,0.0,1.0,0.0,0.0,0.0,1.0,0.0,0.667,30.7,0.0,0.0,0.0,24.4,0.0,4.4,0.727,2.5,0.0,0.0,0.0,0.0,0.5
Collin Sexton,73.0,190.0,2720.0,147.0,435.0,322.0,118.0,343.0,13.0,109.0,0.843,0.392,0.45,14.0,1.9,2.1,-0.2,26.1,-1.7,-3.4,0.539,18.503401360544217,2.9591836734693877,2.3333333333333335,0.08843537414965986,0.7414965986394558,2.993197278911565
Darius Garland,73.0,175.0,728.0,59.0,229.0,84.0,27.0,151.0,4.0,42.0,0.875,0.355,0.401,8.5,-1.3,-1.3,0.0,20.7,-1.7,-5.6,0.498,12.338983050847459,3.8813559322033897,2.559322033898305,0.06779661016949153,0.711864406779661,1.8813559322033897
Tristan Thompson,81.0,238.0,5839.0,619.0,624.0,3278.0,2115.0,718.0,447.0,317.0,0.61,0.281,0.518,15.6,43.1,28.0,15.0,15.5,1.9,-1.6,0.546,9.432956381260096,1.0080775444264944,1.1599353796445881,0.7221324717285945,0.5121163166397416,8.712439418416801
Matthew Dellavedova,75.0,200.0,2427.0,434.0,1591.0,613.0,161.0,546.0,20.0,202.0,0.838,0.368,0.389,9.8,10.1,6.2,4.0,14.8,-2.5,-3.1,0.51,5.592165898617512,3.665898617511521,1.2580645161290323,0.04608294930875576,0.46543778801843316,1.7834101382488479
Kevin Love,80.0,251.0,12993.0,713.0,1697.0,5972.0,1972.0,1411.0,322.0,486.0,0.828,0.37,0.442,21.6,82.0,56.7,25.3,24.6,31.0,3.4,0.571,18.223001402524545,2.380084151472651,1.9789621318373072,0.45161290322580644,0.6816269284712483,11.141654978962132
Larry Nance Jr.,79.0,230.0,2562.0,315.0,559.0,1438.0,656.0,305.0,162.0,380.0,0.695,0.324,0.537,17.2,20.3,13.0,7.3,14.6,6.1,1.3,0.584,8.133333333333333,1.7746031746031745,0.9682539682539683,0.5142857142857142,1.2063492063492063,6.647619047619047
Kevin Porter Jr.,76.0,216.0,498.0,50.0,109.0,140.0,22.0,93.0,14.0,46.0,0.723,0.335,0.442,10.8,0.3,-0.3,0.6,20.5,-0.5,-3.7,0.535,9.96,2.18,1.86,0.28,0.92,3.2399999999999998
Alfonzo McKinnie,79.0,215.0,540.0,126.0,46.0,248.0,119.0,59.0,24.0,42.0,0.622,0.307,0.466,10.2,2.4,1.0,1.3,14.4,-0.9,-4.1,0.543,4.285714285714286,0.36507936507936506,0.46825396825396826,0.19047619047619047,0.3333333333333333,2.9126984126984126
Dean Wade,81.0,228.0,20.0,12.0,2.0,16.0,3.0,3.0,4.0,2.0,0.0,0.5,0.692,13.9,0.2,0.1,0.1,9.9,0.0,-1.2,0.744,1.6666666666666667,0.16666666666666666,0.25,0.3333333333333333,0.16666666666666666,1.5833333333333333
Andre Drummond,82.0,279.0,8671.0,599.0,778.0,5430.0,2858.0,1172.0,938.0,835.0,0.461,0.146,0.542,22.1,60.6,24.6,36.0,21.7,16.3,1.5,0.54,14.475792988313856,1.2988313856427378,1.9565943238731218,1.5659432387312187,1.3939899833055092,13.836393989983305
Jordan Bell,80.0,216.0,578.0,154.0,194.0,327.0,145.0,114.0,117.0,58.0,0.638,0.222,0.563,15.3,4.9,2.3,2.6,14.1,1.2,0.5,0.584,3.7532467532467533,1.2597402597402598,0.7402597402597403,0.7597402597402597,0.37662337662337664,3.064935064935065
Delon Wright,77.0,183.0,1935.0,263.0,756.0,605.0,203.0,264.0,98.0,271.0,0.794,0.345,0.451,16.0,14.8,7.8,7.0,17.0,5.6,2.2,0.549,7.357414448669202,2.8745247148288975,1.0038022813688212,0.3726235741444867,1.0304182509505704,3.072243346007604
Dorian Finney-Smith,79.0,220.0,1678.0,247.0,285.0,698.0,340.0,203.0,102.0,175.0,0.725,0.327,0.425,10.2,9.3,3.8,5.5,13.0,0.6,-1.6,0.538,6.793522267206478,1.1538461538461537,0.8218623481781376,0.41295546558704455,0.708502024291498,4.20242914979757
Tim Hardaway Jr.,77.0,205.0,6265.0,466.0,864.0,1070.0,161.0,516.0,66.0,295.0,0.814,0.354,0.421,13.7,19.3,12.8,6.5,22.3,3.2,-1.0,0.546,13.444206008583691,1.854077253218884,1.1072961373390557,0.14163090128755365,0.6330472103004292,2.6416309012875536
Seth Curry,74.0,185.0,2523.0,251.0,442.0,414.0,87.0,249.0,30.0,175.0,0.844,0.443,0.476,14.4,12.7,8.9,3.8,18.3,3.5,0.5,0.613,10.05179282868526,1.7609561752988048,0.9920318725099602,0.11952191235059761,0.6972111553784861,1.99601593625498
Justin Jackson,79.0,210.0,1365.0,207.0,219.0,443.0,98.0,81.0,37.0,72.0,0.78,0.325,0.433,10.2,5.1,3.1,2.1,14.6,-0.6,-2.6,0.531,6.594202898550725,1.0579710144927537,0.391304347826087,0.178743961352657,0.34782608695652173,2.6135265700483092
Jalen Brunson,73.0,190.0,1144.0,130.0,418.0,256.0,47.0,154.0,8.0,59.0,0.759,0.352,0.467,13.6,4.9,3.2,1.7,19.6,0.5,-1.3,0.551,8.8,3.2153846153846155,1.1846153846153846,0.06153846153846154,0.45384615384615384,2.330769230769231
Dwight Powell,82.0,240.0,2867.0,371.0,364.0,1166.0,545.0,247.0,173.0,251.0,0.739,0.293,0.563,18.1,26.1,17.6,8.6,16.2,6.1,1.5,0.633,7.727762803234501,0.9811320754716981,0.6657681940700808,0.46630727762803237,0.6765498652291105,4.611859838274933
Courtney Lee,77.0,215.0,7765.0,811.0,1353.0,1763.0,364.0,762.0,213.0,809.0,0.853,0.388,0.451,12.2,39.4,20.9,18.4,16.1,7.9,-0.6,0.549,9.574599260172626,1.6683107274969173,0.9395807644882861,0.2626387176325524,0.9975339087546239,2.62268803945746
Willie Cauley-Stein,84.0,240.0,3361.0,349.0,553.0,1579.0,615.0,348.0,289.0,323.0,0.611,0.211,0.539,17.0,20.3,10.9,9.5,17.8,4.3,0.1,0.559,9.630372492836676,1.5845272206303724,0.997134670487106,0.828080229226361,0.9255014326647565,6.286532951289398
Michael Kidd-Gilchrist,78.0,232.0,3742.0,442.0,514.0,1707.0,701.0,397.0,303.0,296.0,0.715,0.272,0.474,13.5,21.0,9.6,11.4,16.3,0.6,-1.8,0.524,8.46606334841629,1.16289592760181,0.8981900452488688,0.6855203619909502,0.669683257918552,5.447963800904978
Antonius Cleveland,77.0,195.0,28.0,23.0,2.0,14.0,3.0,8.0,6.0,8.0,0.625,0.6,0.37,4.3,0.0,-0.2,0.2,11.8,-0.1,-5.7,0.459,1.2173913043478262,0.08695652173913043,0.34782608695652173,0.2608695652173913,0.34782608695652173,0.7391304347826088
Trey Burke,72.0,175.0,4071.0,386.0,1354.0,627.0,149.0,487.0,44.0,217.0,0.798,0.343,0.41,14.0,11.1,7.0,4.1,23.3,1.9,-1.1,0.496,10.546632124352332,3.5077720207253886,1.261658031088083,0.11398963730569948,0.5621761658031088,2.010362694300518
Monte Morris,74.0,175.0,1410.0,150.0,534.0,253.0,55.0,98.0,20.0,129.0,0.814,0.398,0.48,15.8,9.8,6.8,3.0,17.1,2.6,1.0,0.561,9.4,3.56,0.6533333333333333,0.13333333333333333,0.86,2.0533333333333332
Jerami Grant,80.0,214.0,4111.0,447.0,475.0,1306.0,421.0,415.0,503.0,263.0,0.666,0.348,0.463,12.8,22.3,10.6,11.7,16.0,3.1,-0.9,0.558,9.196868008948545,1.0626398210290828,0.9284116331096197,1.1252796420581654,0.5883668903803132,3.8635346756152127
Will Barton,77.0,175.0,5492.0,496.0,1248.0,1716.0,373.0,677.0,205.0,371.0,0.786,0.347,0.434,14.6,20.9,11.1,9.8,21.0,6.2,0.0,0.531,11.07258064516129,2.5161290322580645,1.3649193548387097,0.41330645161290325,0.7479838709677419,4.211693548387097
Gary Harris,76.0,205.0,4459.0,368.0,779.0,734.0,227.0,459.0,81.0,460.0,0.803,0.36,0.454,13.1,18.1,11.1,7.1,18.1,3.0,-0.9,0.558,12.116847826086957,2.1168478260869565,1.247282608695652,0.22010869565217392,1.25,2.6114130434782608
Jamal Murray,76.0,201.0,4563.0,293.0,1073.0,815.0,230.0,567.0,95.0,261.0,0.882,0.358,0.439,15.5,16.1,10.3,5.9,23.7,4.2,-0.1,0.55,15.573378839590443,3.6621160409556315,1.9351535836177474,0.3242320819112628,0.8907849829351536,3.5665529010238908
Mason Plumlee,83.0,238.0,4369.0,524.0,1154.0,2228.0,1031.0,772.0,485.0,395.0,0.563,0.065,0.574,17.9,34.0,18.9,15.1,17.5,9.6,1.3,0.587,8.337786259541986,2.2022900763358777,1.4732824427480915,0.9255725190839694,0.7538167938931297,6.219465648854962
Torrey Craig,79.0,215.0,841.0,164.0,131.0,369.0,177.0,86.0,93.0,67.0,0.669,0.321,0.45,10.3,5.6,2.7,2.9,12.2,-0.1,-2.2,0.548,5.128048780487805,0.7987804878048781,0.524390243902439,0.5670731707317073,0.40853658536585363,3.3292682926829267
Michael Porter Jr.,82.0,215.0,358.0,48.0,35.0,146.0,53.0,35.0,19.0,20.0,0.767,0.422,0.495,18.5,2.0,1.0,0.9,22.0,0.5,0.8,0.589,7.458333333333333,0.7291666666666666,0.7291666666666666,0.3958333333333333,0.4166666666666667,4.145833333333333
Paul Millsap,79.0,250.0,13857.0,989.0,2238.0,5049.0,2215.0,1750.0,994.0,1260.0,0.737,0.343,0.491,19.0,91.6,47.9,43.7,22.0,29.2,2.0,0.56,14.011122345803843,2.262891809908999,1.769464105156724,1.0050556117290192,1.2740141557128413,7.34479271991911
PJ Dozier,78.0,205.0,107.0,29.0,34.0,37.0,11.0,12.0,5.0,9.0,0.615,0.25,0.395,10.3,0.2,-0.1,0.3,19.8,-0.2,-4.8,0.447,3.689655172413793,1.1724137931034482,0.41379310344827586,0.1724137931034483,0.3103448275862069,1.6551724137931036
Noah Vonleh,82.0,257.0,1655.0,332.0,255.0,1270.0,470.0,265.0,136.0,137.0,0.692,0.31,0.46,12.0,9.3,3.3,6.0,14.1,-0.5,-2.3,0.527,4.984939759036145,0.7680722891566265,0.7981927710843374,0.40963855421686746,0.4126506024096386,5.240963855421687
Keita Bates-Diop,80.0,229.0,409.0,69.0,47.0,158.0,37.0,28.0,35.0,35.0,0.691,0.301,0.426,11.3,1.4,0.6,0.9,15.0,0.0,-1.9,0.521,5.927536231884058,0.6811594202898551,0.4057971014492754,0.5072463768115942,0.5072463768115942,2.8260869565217392
Troy Daniels,76.0,205.0,2206.0,334.0,182.0,366.0,74.0,184.0,21.0,97.0,0.799,0.396,0.401,10.4,5.2,3.3,1.9,18.9,-0.3,-2.2,0.561,6.604790419161676,0.5449101796407185,0.5508982035928144,0.06287425149700598,0.2904191616766467,1.317365269461078
Langston Galloway,73.0,200.0,3452.0,405.0,694.0,844.0,202.0,250.0,64.0,295.0,0.81,0.367,0.396,11.5,13.7,7.3,6.4,17.1,1.4,-1.4,0.519,8.523456790123456,1.7135802469135804,0.6172839506172839,0.1580246913580247,0.7283950617283951,2.582716049382716
Christian Wood,82.0,214.0,1078.0,113.0,73.0,392.0,148.0,110.0,77.0,49.0,0.734,0.368,0.546,22.0,6.4,4.3,2.1,22.7,1.9,2.2,0.636,9.539823008849558,0.6460176991150443,0.9734513274336283,0.6814159292035398,0.4336283185840708,4.778761061946903
Tony Snell,78.0,213.0,3236.0,501.0,582.0,1018.0,138.0,289.0,118.0,237.0,0.838,0.385,0.428,9.1,16.1,8.1,8.0,12.6,0.0,-2.0,0.56,6.4590818363273454,1.1616766467065869,0.5768463073852296,0.23552894211576847,0.47305389221556887,2.3073852295409183
Bruce Brown,76.0,202.0,836.0,132.0,321.0,350.0,109.0,146.0,65.0,103.0,0.743,0.302,0.424,9.6,3.6,0.6,2.9,13.9,-0.2,-2.2,0.498,6.333333333333333,2.4318181818181817,1.106060606060606,0.49242424242424243,0.7803030303030303,3.477272727272727
Sviatoslav Mykhailiuk,79.0,205.0,637.0,98.0,143.0,114.0,26.0,82.0,5.0,55.0,0.767,0.385,0.389,9.9,1.5,0.6,0.9,16.9,-0.3,-2.7,0.545,6.5,1.4591836734693877,0.8367346938775511,0.05102040816326531,0.5612244897959183,1.4285714285714286
Derrick Rose,74.0,200.0,11185.0,596.0,3334.0,1534.0,497.0,1576.0,204.0,450.0,0.827,0.304,0.456,18.3,39.7,24.6,15.1,28.0,16.5,1.3,0.526,18.766778523489933,5.593959731543624,2.6442953020134228,0.3422818791946309,0.7550335570469798,3.407718120805369
Luke Kennard,77.0,206.0,1613.0,164.0,353.0,415.0,42.0,169.0,29.0,82.0,0.863,0.402,0.441,12.6,7.0,4.0,3.0,18.2,1.2,-0.8,0.568,9.835365853658537,2.152439024390244,1.0304878048780488,0.17682926829268292,0.5,2.786585365853658
Blake Griffin,81.0,250.0,13479.0,622.0,2749.0,4156.0,1345.0,1617.0,321.0,554.0,0.694,0.333,0.498,22.0,75.2,49.9,25.3,28.1,31.9,3.8,0.561,21.670418006430868,4.419614147909968,2.59967845659164,0.5160771704180064,0.8906752411575563,8.844051446945338
John Henson,81.0,219.0,3383.0,445.0,496.0,1566.0,802.0,496.0,642.0,211.0,0.568,0.25,0.54,17.1,20.7,9.5,11.2,18.1,3.4,-0.4,0.557,7.602247191011236,1.1146067415730336,1.1146067415730336,1.442696629213483,0.47415730337078654,5.321348314606741
Louis King,79.0,195.0,20.0,10.0,5.0,9.0,1.0,2.0,0.0,2.0,0.0,0.364,0.381,6.3,0.0,-0.1,0.0,17.1,-0.1,-6.2,0.448,2.0,0.5,0.2,0.0,0.2,1.0
Brandon Knight,74.0,195.0,6269.0,446.0,1769.0,1141.0,236.0,1086.0,75.0,385.0,0.806,0.353,0.411,13.7,11.5,5.5,6.0,24.2,1.5,-1.6,0.518,14.056053811659194,3.9663677130044843,2.4349775784753365,0.1681614349775785,0.8632286995515696,3.0874439461883405
Khyri Thomas,75.0,210.0,78.0,34.0,11.0,16.0,5.0,7.0,5.0,10.0,0.6,0.306,0.314,5.4,0.0,-0.3,0.3,16.8,-0.2,-5.7,0.421,2.2941176470588234,0.3235294117647059,0.20588235294117646,0.14705882352941177,0.29411764705882354,0.6176470588235294
Jordan McRae,77.0,179.0,846.0,123.0,167.0,191.0,34.0,87.0,30.0,45.0,0.772,0.355,0.417,13.2,1.7,0.9,0.8,22.7,0.0,-2.1,0.519,6.878048780487805,1.3577235772357723,0.7073170731707317,0.24390243902439024,0.36585365853658536,1.8292682926829267
Justin Patton,83.0,241.0,16.0,9.0,5.0,8.0,3.0,2.0,0.0,3.0,0.5,0.167,0.368,8.4,0.0,-0.1,0.1,19.4,0.0,-5.6,0.402,1.7777777777777777,0.5555555555555556,0.2222222222222222,0.0,0.3333333333333333,1.222222222222222
Eric Paschall,78.0,255.0,837.0,60.0,127.0,193.0,82.0,94.0,13.0,32.0,0.774,0.287,0.497,14.5,2.1,1.6,0.5,21.4,-0.3,-2.7,0.571,13.95,2.1166666666666667,1.5666666666666667,0.21666666666666667,0.5333333333333333,4.583333333333334
Marquese Chriss,81.0,240.0,2039.0,256.0,279.0,924.0,326.0,329.0,213.0,174.0,0.669,0.29,0.456,13.4,5.7,1.0,4.7,19.1,-0.3,-2.3,0.533,7.96484375,1.08984375,1.28515625,0.83203125,0.6796875,4.8828125
Jordan Poole,76.0,195.0,503.0,57.0,134.0,109.0,9.0,74.0,10.0,35.0,0.798,0.279,0.333,7.2,-1.2,-1.6,0.4,21.1,-1.5,-6.6,0.454,8.824561403508772,2.3508771929824563,1.2982456140350878,0.17543859649122806,0.6140350877192983,2.070175438596491
Damion Lee,77.0,210.0,940.0,96.0,175.0,323.0,51.0,92.0,7.0,82.0,0.853,0.346,0.419,12.4,2.8,1.3,1.5,18.7,-0.1,-2.2,0.542,9.791666666666666,1.8229166666666667,0.9583333333333334,0.07291666666666667,0.8541666666666666,3.8958333333333335
Ky Bowman,73.0,181.0,335.0,45.0,131.0,97.0,24.0,70.0,10.0,44.0,0.829,0.308,0.417,9.2,-0.1,-0.6,0.6,17.2,-0.6,-4.3,0.494,7.444444444444445,2.911111111111111,1.5555555555555556,0.2222222222222222,0.9777777777777777,2.6888888888888887
Draymond Green,78.0,230.0,5170.0,576.0,2855.0,3318.0,648.0,1187.0,609.0,789.0,0.71,0.319,0.435,15.1,44.4,15.4,29.0,16.2,19.5,2.8,0.531,8.975694444444445,4.956597222222222,2.060763888888889,1.0572916666666667,1.3697916666666667,6.885416666666667
Kevon Looney,81.0,220.0,979.0,224.0,214.0,479.0,353.0,112.0,132.0,107.0,0.601,0.15,0.57,15.4,10.3,6.2,4.1,13.1,1.1,-0.5,0.587,4.370535714285714,0.9553571428571429,0.5,0.5892857142857143,0.47767857142857145,3.7142857142857144
Andrew Wiggins,79.0,194.0,8943.0,454.0,1065.0,1405.0,572.0,954.0,278.0,452.0,0.732,0.332,0.441,14.7,15.0,9.5,5.4,25.6,0.2,-1.9,0.522,19.698237885462554,2.345814977973568,2.101321585903084,0.6123348017621145,0.9955947136563876,4.354625550660793
Mychal Mulder,76.0,185.0,77.0,7.0,8.0,20.0,3.0,5.0,1.0,2.0,0.75,0.308,0.388,7.8,0.1,0.1,0.0,16.2,-0.2,-6.1,0.533,11.0,1.1428571428571428,0.7142857142857143,0.14285714285714285,0.2857142857142857,3.2857142857142856
Stephen Curry,75.0,190.0,16419.0,699.0,4621.0,2668.0,490.0,2179.0,156.0,1205.0,0.906,0.435,0.476,23.8,103.2,76.5,26.7,27.9,50.7,6.4,0.623,23.489270386266096,6.6108726752503575,3.117310443490701,0.22317596566523606,1.7238912732474965,4.517882689556509
Chasson Randle,74.0,185.0,413.0,78.0,136.0,74.0,16.0,62.0,5.0,36.0,0.802,0.378,0.411,10.8,1.3,1.0,0.4,17.0,-0.4,-3.4,0.561,5.294871794871795,1.7435897435897436,0.7948717948717948,0.0641025641025641,0.46153846153846156,1.1538461538461537
Klay Thompson,78.0,215.0,11995.0,615.0,1416.0,1857.0,273.0,1053.0,332.0,561.0,0.848,0.419,0.459,16.4,46.8,28.0,18.8,24.7,14.2,0.7,0.575,19.504065040650406,2.3024390243902437,1.7121951219512195,0.5398373983739837,0.9121951219512195,3.4634146341463414
P.J. Tucker,77.0,245.0,4760.0,646.0,925.0,2748.0,1016.0,652.0,200.0,783.0,0.749,0.362,0.423,10.6,34.0,15.0,19.0,11.7,6.7,-0.6,0.535,7.368421052631579,1.431888544891641,1.0092879256965945,0.30959752321981426,1.2120743034055728,5.826625386996904
Ben McLemore,75.0,195.0,3858.0,431.0,461.0,854.0,194.0,507.0,83.0,285.0,0.78,0.363,0.421,9.6,7.6,3.1,4.6,17.5,-2.7,-3.0,0.54,8.951276102088167,1.0696055684454757,1.1763341067285382,0.1925754060324826,0.6612529002320185,2.4315545243619487
James Harden,77.0,220.0,20723.0,826.0,5193.0,3742.0,646.0,3043.0,436.0,1295.0,0.858,0.363,0.442,24.7,133.3,100.7,32.6,30.7,63.6,6.9,0.61,25.088377723970943,6.286924939467313,3.6840193704600486,0.5278450363196125,1.5677966101694916,5.312348668280872
Austin Rivers,75.0,200.0,4964.0,544.0,1250.0,942.0,188.0,604.0,100.0,378.0,0.64,0.348,0.418,10.2,11.3,4.4,6.9,18.2,-3.5,-3.0,0.508,9.125,2.297794117647059,1.1102941176470589,0.18382352941176472,0.6948529411764706,2.077205882352941
Danuel House,78.0,215.0,1111.0,121.0,143.0,369.0,94.0,95.0,49.0,92.0,0.797,0.369,0.44,11.8,6.3,3.9,2.4,14.0,1.1,-0.7,0.588,9.181818181818182,1.1818181818181819,0.7851239669421488,0.4049586776859504,0.7603305785123967,3.8264462809917354
Russell Westbrook,75.0,200.0,20315.0,874.0,7267.0,4721.0,1465.0,3562.0,267.0,1530.0,0.8,0.304,0.437,23.5,101.3,60.5,40.7,32.7,52.1,4.8,0.53,23.24370709382151,8.314645308924485,4.075514874141876,0.30549199084668194,1.7505720823798627,7.077803203661327
Eric Gordon,75.0,215.0,10991.0,663.0,1894.0,1360.0,274.0,1306.0,226.0,598.0,0.811,0.37,0.425,14.3,34.3,24.8,9.6,22.8,8.7,-0.4,0.558,16.57767722473605,2.856711915535445,1.9698340874811464,0.34087481146304677,0.9019607843137255,2.4645550527903466
Chris Clemons,69.0,180.0,141.0,29.0,22.0,20.0,3.0,17.0,5.0,6.0,0.857,0.351,0.405,12.6,0.2,0.1,0.2,24.0,0.1,-1.3,0.546,4.862068965517241,0.7586206896551724,0.5862068965517241,0.1724137931034483,0.20689655172413793,0.7931034482758621
Robert Covington,79.0,211.0,4949.0,388.0,580.0,1838.0,361.0,669.0,339.0,637.0,0.811,0.358,0.407,13.5,21.1,5.0,16.1,18.9,7.4,0.5,0.555,12.755154639175258,1.4948453608247423,1.7242268041237114,0.8737113402061856,1.6417525773195876,5.667525773195877
Jeff Green,80.0,235.0,11657.0,900.0,1403.0,3156.0,832.0,1350.0,481.0,650.0,0.805,0.334,0.441,13.2,41.6,19.0,22.7,20.5,4.3,-1.3,0.538,12.952222222222222,1.558888888888889,1.5,0.5344444444444445,0.7222222222222222,4.431111111111111
Michael Frazier,75.0,200.0,14.0,8.0,1.0,2.0,1.0,2.0,0.0,2.0,0.667,0.25,0.364,2.4,0.0,0.0,0.0,9.8,-0.1,-8.8,0.513,1.75,0.125,0.25,0.0,0.25,0.375
DeMarre Carroll,78.0,215.0,5136.0,575.0,719.0,1792.0,654.0,497.0,150.0,520.0,0.74,0.358,0.43,13.3,29.4,15.4,14.0,17.0,6.7,0.0,0.545,8.932173913043478,1.2504347826086957,0.8643478260869565,0.2608695652173913,0.9043478260869565,4.253913043478261
David Nwaba,77.0,219.0,1113.0,161.0,180.0,442.0,155.0,125.0,65.0,119.0,0.661,0.344,0.492,12.4,5.4,3.1,2.3,14.7,-0.1,-2.0,0.561,6.913043478260869,1.1180124223602483,0.7763975155279503,0.40372670807453415,0.7391304347826086,3.708074534161491
Justin Holiday,78.0,181.0,3445.0,422.0,607.0,1064.0,158.0,380.0,177.0,416.0,0.826,0.362,0.397,11.1,12.0,2.4,9.6,16.4,2.1,-1.1,0.528,8.163507109004739,1.438388625592417,0.9004739336492891,0.4194312796208531,0.985781990521327,2.895734597156398
T.J. McConnell,73.0,190.0,2419.0,377.0,1778.0,885.0,179.0,588.0,61.0,444.0,0.778,0.335,0.492,13.9,15.3,6.1,9.2,15.3,2.8,-0.6,0.529,6.416445623342175,4.7161803713527854,1.5596816976127321,0.16180371352785147,1.1777188328912467,2.8222811671087533
Domantas Sabonis,83.0,240.0,3530.0,291.0,755.0,1735.0,586.0,550.0,124.0,174.0,0.722,0.321,0.522,17.2,20.6,10.0,10.6,21.3,4.6,0.5,0.574,12.130584192439862,2.5945017182130585,1.8900343642611683,0.4261168384879725,0.5979381443298969,7.975945017182131
Doug McDermott,79.0,225.0,3302.0,403.0,339.0,739.0,143.0,246.0,40.0,77.0,0.825,0.413,0.465,11.2,13.6,9.1,4.5,16.9,-0.1,-2.1,0.581,8.193548387096774,0.8411910669975186,0.6104218362282878,0.09925558312655088,0.19106699751861042,2.1885856079404467
T.J. Warren,80.0,215.0,4894.0,322.0,380.0,880.0,440.0,330.0,161.0,317.0,0.777,0.35,0.504,16.4,18.3,12.7,5.6,21.8,3.7,-0.4,0.561,15.198757763975156,1.1801242236024845,1.0248447204968945,0.5,0.984472049689441,4.099378881987578
Aaron Holiday,72.0,185.0,840.0,108.0,280.0,173.0,26.0,115.0,26.0,66.0,0.844,0.373,0.405,11.8,2.6,0.4,2.2,20.2,0.2,-1.6,0.517,7.777777777777778,2.5925925925925926,1.0648148148148149,0.24074074074074073,0.6111111111111112,1.8425925925925926
Myles Turner,83.0,250.0,4255.0,335.0,410.0,1758.0,471.0,436.0,695.0,239.0,0.768,0.354,0.488,16.9,25.9,10.2,15.7,19.6,6.2,0.6,0.565,12.701492537313433,1.2238805970149254,1.3014925373134327,2.074626865671642,0.7134328358208956,6.653731343283582
Malcolm Brogdon,77.0,229.0,3177.0,235.0,1017.0,708.0,175.0,385.0,46.0,204.0,0.895,0.385,0.472,16.2,16.8,10.8,6.1,20.7,4.4,0.6,0.572,13.519148936170213,4.327659574468085,1.6382978723404256,0.19574468085106383,0.8680851063829788,3.7574468085106383
Jeremy Lamb,77.0,185.0,5032.0,481.0,770.0,1536.0,252.0,407.0,173.0,352.0,0.851,0.339,0.444,15.8,23.4,12.0,11.4,21.7,7.0,0.7,0.544,10.461538461538462,1.6008316008316008,0.8461538461538461,0.3596673596673597,0.7318087318087318,3.7172557172557177
JaKarr Sampson,79.0,215.0,1052.0,199.0,145.0,400.0,122.0,165.0,93.0,82.0,0.663,0.251,0.463,10.3,2.8,0.2,2.6,16.4,-1.4,-3.8,0.526,5.28643216080402,0.7286432160804021,0.8291457286432161,0.46733668341708545,0.4120603015075377,2.623115577889447
Edmond Sumner,76.0,176.0,182.0,49.0,49.0,43.0,19.0,29.0,13.0,27.0,0.641,0.262,0.398,9.2,0.4,-0.4,0.7,17.5,-0.3,-3.9,0.471,3.7142857142857144,1.0,0.5918367346938775,0.2653061224489796,0.5510204081632653,1.2653061224489797
T.J. Leaf,82.0,225.0,453.0,136.0,39.0,178.0,93.0,29.0,26.0,22.0,0.61,0.356,0.497,14.0,2.7,1.4,1.3,16.6,0.1,-1.6,0.547,3.3308823529411766,0.2867647058823529,0.21323529411764705,0.19117647058823528,0.16176470588235295,1.9926470588235294
Victor Oladipo,76.0,210.0,7207.0,415.0,1628.0,1644.0,256.0,1061.0,202.0,691.0,0.793,0.35,0.441,16.6,24.3,8.4,15.9,25.2,10.8,1.1,0.537,17.366265060240963,3.92289156626506,2.5566265060240965,0.4867469879518072,1.6650602409638555,4.578313253012048
Alize Johnson,79.0,212.0,31.0,27.0,3.0,26.0,11.0,3.0,3.0,1.0,0.571,0.5,0.355,8.4,0.1,0.0,0.2,14.9,-0.1,-6.4,0.417,1.1481481481481481,0.1111111111111111,0.1111111111111111,0.1111111111111111,0.037037037037037035,1.3703703703703702
Montrezl Harrell,79.0,240.0,4037.0,318.0,424.0,1014.0,556.0,369.0,287.0,177.0,0.638,0.1,0.614,22.4,26.2,18.6,7.6,22.6,7.7,2.6,0.633,12.69496855345912,1.3333333333333333,1.1603773584905661,0.9025157232704403,0.5566037735849056,4.937106918238994
Lou Williams,73.0,175.0,14424.0,996.0,3438.0,1853.0,391.0,1735.0,181.0,874.0,0.84,0.35,0.42,18.4,63.3,45.8,17.5,26.4,23.6,1.8,0.554,14.481927710843374,3.4518072289156625,1.7419678714859437,0.1817269076305221,0.8775100401606426,2.253012048192771
JaMychal Green,80.0,227.0,2865.0,354.0,327.0,1532.0,651.0,399.0,151.0,200.0,0.767,0.367,0.47,13.6,16.8,7.5,9.3,16.9,0.8,-1.6,0.56,8.09322033898305,0.923728813559322,1.1271186440677967,0.4265536723163842,0.5649717514124294,6.166666666666667
Kawhi Leonard,79.0,230.0,9620.0,518.0,1377.0,2684.0,639.0,819.0,344.0,921.0,0.854,0.381,0.491,23.0,73.4,42.3,31.1,24.6,35.7,6.8,0.597,18.571428571428573,2.658301158301158,1.5810810810810811,0.6640926640926641,1.777992277992278,6.415057915057915
Patrick Patterson,80.0,230.0,4527.0,673.0,697.0,1896.0,798.0,436.0,288.0,353.0,0.752,0.369,0.448,12.6,30.2,17.1,13.1,14.5,7.1,0.0,0.539,6.726597325408618,1.035661218424963,0.6478454680534919,0.4279346210995542,0.524517087667162,4.00297176820208
Rodney McGruder,76.0,200.0,1250.0,212.0,283.0,464.0,191.0,145.0,41.0,113.0,0.642,0.338,0.411,8.9,6.5,2.0,4.5,13.1,-0.2,-2.2,0.509,5.89622641509434,1.3349056603773586,0.6839622641509434,0.19339622641509435,0.5330188679245284,3.089622641509434
Patrick Beverley,73.0,185.0,3818.0,428.0,1491.0,1377.0,500.0,558.0,191.0,505.0,0.762,0.38,0.414,12.5,28.2,16.1,12.1,14.5,9.0,0.9,0.544,8.92056074766355,3.4836448598130842,1.3037383177570094,0.4462616822429907,1.1799065420560748,4.385514018691588
Landry Shamet,76.0,188.0,1176.0,126.0,204.0,197.0,27.0,81.0,19.0,56.0,0.846,0.41,0.425,10.2,6.3,4.3,2.0,14.3,0.3,-1.6,0.602,9.333333333333334,1.619047619047619,0.6428571428571429,0.15079365079365079,0.4444444444444444,1.7777777777777777
Paul George,80.0,220.0,12863.0,646.0,2162.0,3547.0,585.0,1671.0,287.0,1127.0,0.846,0.38,0.433,19.2,69.1,32.4,36.7,26.5,33.1,4.1,0.564,19.91176470588235,3.346749226006192,2.586687306501548,0.44427244582043346,1.7445820433436532,6.396284829721362
Terance Mann,77.0,215.0,56.0,35.0,38.0,29.0,4.0,14.0,5.0,8.0,0.75,0.25,0.407,7.1,0.3,0.0,0.3,11.2,-0.1,-3.5,0.472,1.6,1.0857142857142856,0.4,0.14285714285714285,0.22857142857142856,0.942857142857143
Johnathan Motley,80.0,230.0,226.0,46.0,26.0,75.0,35.0,30.0,5.0,11.0,0.587,0.2,0.552,19.1,0.9,0.4,0.4,26.4,0.0,-1.4,0.577,4.913043478260869,0.5652173913043478,0.6521739130434783,0.10869565217391304,0.2391304347826087,2.391304347826087
Amir Coffey,79.0,205.0,28.0,13.0,9.0,10.0,4.0,3.0,1.0,1.0,0.333,0.143,0.394,5.9,0.0,-0.1,0.1,15.8,-0.1,-6.8,0.408,2.1538461538461537,0.6923076923076923,0.23076923076923078,0.07692307692307693,0.07692307692307693,1.076923076923077
Marcus Morris,80.0,235.0,7248.0,600.0,905.0,2211.0,584.0,721.0,168.0,421.0,0.759,0.367,0.431,13.4,30.0,14.2,15.8,20.2,6.0,-0.5,0.536,12.08,1.5083333333333333,1.2016666666666667,0.28,0.7016666666666667,4.658333333333333
Mfiondu Kabengele,81.0,250.0,42.0,12.0,2.0,10.0,1.0,2.0,2.0,2.0,1.0,0.45,0.438,18.2,0.2,0.1,0.1,23.5,0.1,2.1,0.614,3.5,0.16666666666666666,0.16666666666666666,0.16666666666666666,0.16666666666666666,0.9166666666666667
Reggie Jackson,75.0,208.0,7129.0,553.0,2431.0,1332.0,302.0,1067.0,66.0,387.0,0.857,0.336,0.428,16.0,29.1,16.9,12.2,24.8,8.7,0.5,0.524,12.891500904159132,4.396021699819168,1.9294755877034357,0.11934900542495479,0.6998191681735986,2.9547920433996384
Joakim Noah,83.0,230.0,5867.0,667.0,1900.0,3906.0,2136.0,1127.0,873.0,533.0,0.7,0.0,0.491,17.6,61.8,27.6,34.2,16.0,20.9,2.5,0.54,8.796101949025488,2.848575712143928,1.6896551724137931,1.3088455772113943,0.7991004497751124,9.058470764617692
Kentavious Caldwell-Pope,77.0,205.0,6196.0,533.0,872.0,1344.0,354.0,530.0,101.0,599.0,0.797,0.35,0.418,12.1,27.6,13.6,14.1,17.6,5.2,-0.7,0.533,11.624765478424015,1.6360225140712945,0.9943714821763602,0.1894934333958724,1.123827392120075,3.1857410881801127
Danny Green,78.0,215.0,6077.0,681.0,1083.0,1971.0,404.0,694.0,535.0,685.0,0.81,0.402,0.424,13.0,42.7,15.4,27.2,15.7,17.9,2.1,0.568,8.923641703377386,1.5903083700440528,1.0190895741556534,0.7856093979441997,1.0058737151248165,3.4875183553597653
JaVale McGee,84.0,270.0,5487.0,694.0,274.0,2275.0,1298.0,660.0,1075.0,281.0,0.592,0.152,0.575,19.6,36.4,18.6,17.8,19.4,6.7,0.2,0.587,7.906340057636887,0.39481268011527376,0.9510086455331412,1.5489913544668588,0.4048991354466859,5.148414985590778
Alex Caruso,77.0,186.0,679.0,120.0,254.0,195.0,49.0,130.0,36.0,107.0,0.765,0.375,0.432,11.1,3.7,1.0,2.8,14.9,0.6,-0.8,0.544,5.658333333333333,2.1166666666666667,1.0833333333333333,0.3,0.8916666666666667,2.033333333333333
Anthony Davis,82.0,253.0,12526.0,521.0,1154.0,4091.0,1332.0,1004.0,1255.0,721.0,0.801,0.319,0.517,27.5,82.3,52.6,29.7,28.5,37.7,6.3,0.588,24.042226487523994,2.214971209213052,1.927063339731286,2.4088291746641075,1.383877159309021,10.408829174664106
Kyle Kuzma,80.0,220.0,3224.0,201.0,388.0,911.0,196.0,358.0,81.0,111.0,0.733,0.327,0.449,13.5,8.4,2.6,5.8,23.1,0.6,-1.5,0.542,16.039800995024876,1.9303482587064678,1.7810945273631842,0.40298507462686567,0.5522388059701493,5.507462686567164
Avery Bradley,75.0,180.0,6712.0,571.0,1012.0,1312.0,358.0,802.0,116.0,581.0,0.78,0.364,0.436,11.1,16.2,0.5,15.7,20.0,-0.7,-2.2,0.515,11.754816112084063,1.7723292469352014,1.404553415061296,0.2031523642732049,1.0175131348511384,2.9246935201401048
Rajon Rondo,73.0,186.0,8909.0,873.0,7215.0,3254.0,877.0,2439.0,115.0,1451.0,0.606,0.316,0.458,16.0,59.9,19.6,40.2,19.0,22.9,1.3,0.5,10.205040091638029,8.264604810996564,2.7938144329896906,0.13172966781214204,1.6620847651775488,4.731958762886598
Jared Dudley,78.0,237.0,6617.0,887.0,1380.0,2019.0,800.0,759.0,166.0,706.0,0.732,0.394,0.464,12.6,42.8,27.8,15.0,14.4,11.1,0.2,0.576,7.459977452085682,1.5558060879368658,0.8556933483652762,0.1871476888387824,0.7959413754227734,3.178128523111612
Quinn Cook,73.0,179.0,1083.0,159.0,271.0,246.0,40.0,120.0,5.0,47.0,0.769,0.412,0.468,12.5,3.9,2.2,1.7,19.4,-0.1,-2.2,0.565,6.811320754716981,1.7044025157232705,0.7547169811320755,0.031446540880503145,0.29559748427672955,1.79874213836478
Markieff Morris,80.0,245.0,7250.0,631.0,1054.0,2585.0,799.0,1011.0,347.0,547.0,0.778,0.344,0.448,14.0,24.9,8.2,16.7,21.4,2.9,-1.3,0.527,11.489698890649763,1.670364500792393,1.6022187004754358,0.5499207606973059,0.866877971473851,5.362916006339145
Dion Waiters,75.0,215.0,5422.0,412.0,1146.0,931.0,164.0,748.0,109.0,387.0,0.692,0.348,0.412,12.0,8.7,-0.1,8.8,23.5,-0.4,-2.1,0.494,13.160194174757281,2.7815533980582523,1.8155339805825244,0.2645631067961165,0.9393203883495146,2.657766990291262
Dillon Brooks,79.0,220.0,2053.0,165.0,279.0,382.0,119.0,251.0,46.0,140.0,0.775,0.364,0.418,10.2,2.1,-0.6,2.7,21.3,-2.6,-4.3,0.518,12.442424242424243,1.690909090909091,1.5212121212121212,0.2787878787878788,0.8484848484848485,3.036363636363636
Tyus Jones,72.0,196.0,1733.0,312.0,1108.0,418.0,65.0,232.0,25.0,314.0,0.803,0.345,0.431,14.0,11.4,7.4,4.0,14.6,2.8,0.0,0.52,5.55448717948718,3.551282051282051,0.7435897435897436,0.08012820512820513,1.0064102564102564,1.548076923076923
Jaren Jackson Jr.,83.0,242.0,1712.0,112.0,140.0,400.0,126.0,192.0,169.0,88.0,0.755,0.386,0.485,16.3,6.5,2.6,3.8,23.3,1.5,0.0,0.59,15.285714285714286,1.25,1.7142857142857142,1.5089285714285714,0.7857142857142857,4.696428571428571
De'Anthony Melton,74.0,200.0,670.0,102.0,316.0,265.0,62.0,153.0,41.0,133.0,0.806,0.311,0.407,12.3,1.8,-0.4,2.2,17.3,0.4,-1.2,0.502,6.568627450980392,3.0980392156862746,1.5,0.4019607843137255,1.303921568627451,3.2058823529411766
Brandon Clarke,80.0,210.0,602.0,50.0,72.0,214.0,78.0,46.0,42.0,26.0,0.785,0.404,0.623,21.8,4.4,3.1,1.3,19.0,1.5,3.5,0.67,12.04,1.44,0.92,0.84,0.52,5.84
Grayson Allen,76.0,198.0,432.0,68.0,68.0,81.0,8.0,56.0,7.0,12.0,0.789,0.342,0.412,9.6,0.7,0.1,0.7,20.9,-0.5,-4.3,0.546,6.352941176470588,1.0,0.8235294117647058,0.10294117647058823,0.17647058823529413,1.3088235294117647
Josh Jackson,80.0,207.0,2110.0,174.0,333.0,584.0,172.0,344.0,100.0,172.0,0.651,0.298,0.417,11.5,-1.9,-4.7,2.8,24.8,-2.2,-4.0,0.488,12.126436781609195,1.9137931034482758,1.9770114942528736,0.5747126436781609,0.9885057471264368,4.344827586206897
Yuta Watanabe,80.0,205.0,69.0,31.0,12.0,38.0,10.0,8.0,2.0,9.0,0.556,0.208,0.338,5.6,-0.1,-0.4,0.3,15.3,-0.3,-6.8,0.392,2.225806451612903,0.3870967741935484,0.25806451612903225,0.06451612903225806,0.2903225806451613,1.5483870967741935
John Konchar,77.0,210.0,51.0,15.0,21.0,28.0,18.0,6.0,3.0,7.0,0.5,0.444,0.657,19.0,0.7,0.5,0.2,10.4,0.3,5.0,0.711,3.4,1.4,0.4,0.2,0.4666666666666667,3.0666666666666664
Gorgui Dieng,82.0,252.0,4022.0,510.0,700.0,2203.0,945.0,598.0,503.0,424.0,0.785,0.343,0.5,16.2,27.1,15.0,12.2,16.1,6.2,0.2,0.567,7.886274509803922,1.3725490196078431,1.1725490196078432,0.9862745098039216,0.8313725490196079,6.1725490196078425
Anthony Tolliver,80.0,240.0,4399.0,711.0,639.0,1847.0,538.0,455.0,213.0,265.0,0.771,0.373,0.415,11.0,25.6,15.7,9.9,13.6,3.2,-1.1,0.569,6.187060478199719,0.8987341772151899,0.639943741209564,0.29957805907172996,0.3727144866385373,3.3544303797468356
Justise Winslow,78.0,225.0,2181.0,241.0,657.0,1048.0,247.0,371.0,89.0,227.0,0.646,0.337,0.417,10.4,7.7,-1.0,8.8,16.9,0.3,-1.8,0.486,9.049792531120332,2.7261410788381744,1.5394190871369295,0.36929460580912865,0.941908713692946,5.373443983402489
Duncan Robinson,79.0,215.0,913.0,80.0,96.0,220.0,11.0,64.0,15.0,40.0,0.881,0.438,0.461,12.4,4.9,3.2,1.6,15.6,1.1,0.0,0.666,11.4125,1.2,0.8,0.1875,0.5,2.8875
Kendrick Nunn,74.0,190.0,970.0,62.0,210.0,149.0,19.0,101.0,11.0,51.0,0.837,0.362,0.448,13.5,2.4,1.0,1.4,23.7,0.0,-2.0,0.545,15.64516129032258,3.3870967741935485,1.6290322580645162,0.1774193548387097,0.8225806451612904,2.709677419354839
Kelly Olynyk,83.0,240.0,4739.0,492.0,915.0,1800.0,575.0,698.0,218.0,347.0,0.773,0.375,0.478,15.7,28.1,14.1,14.0,19.9,7.3,0.8,0.588,9.632113821138212,1.8597560975609757,1.41869918699187,0.44308943089430897,0.7052845528455285,4.8272357723577235
Jimmy Butler,79.0,230.0,9823.0,577.0,2136.0,2070.0,866.0,883.0,275.0,914.0,0.835,0.333,0.454,20.3,74.6,50.5,24.0,21.9,29.7,4.2,0.572,17.02426343154246,3.701906412478336,1.5303292894280762,0.47660311958405543,1.584055459272097,5.088388214904679
Derrick Jones Jr.,78.0,210.0,1105.0,163.0,115.0,357.0,213.0,90.0,104.0,118.0,0.69,0.276,0.505,13.7,8.3,4.6,3.8,14.2,1.2,-0.5,0.58,6.779141104294479,0.7055214723926381,0.5521472392638037,0.6380368098159509,0.7239263803680982,3.496932515337423
Meyers Leonard,84.0,260.0,2483.0,442.0,391.0,1400.0,318.0,303.0,127.0,82.0,0.813,0.392,0.483,12.1,15.6,9.1,6.4,15.0,1.1,-1.4,0.589,5.617647058823529,0.8846153846153846,0.6855203619909502,0.2873303167420814,0.18552036199095023,3.8868778280542986
Tyler Herro,77.0,200.0,605.0,47.0,91.0,173.0,14.0,72.0,7.0,30.0,0.835,0.391,0.414,11.4,0.9,-0.3,1.1,22.0,-0.1,-2.3,0.534,12.872340425531915,1.9361702127659575,1.5319148936170213,0.14893617021276595,0.6382978723404256,3.9787234042553195
Chris Silva,80.0,230.0,120.0,41.0,21.0,55.0,54.0,31.0,18.0,9.0,0.694,0.0,0.623,17.2,1.1,0.7,0.5,17.5,0.0,-2.5,0.663,2.926829268292683,0.5121951219512195,0.7560975609756098,0.43902439024390244,0.21951219512195122,2.658536585365854
Andre Iguodala,78.0,215.0,13517.0,1122.0,4849.0,4635.0,1049.0,2127.0,568.0,1671.0,0.709,0.334,0.466,15.7,96.8,50.5,46.3,17.3,40.0,2.3,0.555,12.047237076648841,4.32174688057041,1.8957219251336899,0.5062388591800356,1.4893048128342246,5.065953654188948
Jae Crowder,78.0,235.0,5739.0,601.0,921.0,2036.0,438.0,523.0,194.0,588.0,0.779,0.336,0.419,12.9,31.9,14.7,17.2,17.0,7.8,0.1,0.547,9.549084858569051,1.5324459234608985,0.870216306156406,0.3227953410981697,0.978369384359401,4.116472545757071
Solomon Hill,78.0,225.0,2094.0,359.0,569.0,912.0,239.0,330.0,86.0,246.0,0.8,0.338,0.396,9.1,10.5,2.4,8.1,13.1,-0.1,-2.0,0.517,5.832869080779944,1.584958217270195,0.9192200557103064,0.2395543175487465,0.6852367688022284,3.2061281337047354
Udonis Haslem,80.0,235.0,6516.0,857.0,729.0,4140.0,1606.0,803.0,249.0,422.0,0.755,0.07,0.489,13.0,50.7,23.2,27.6,15.1,0.2,-2.0,0.533,7.603267211201867,0.8506417736289381,0.9369894982497082,0.29054842473745623,0.49241540256709454,6.704784130688448
Wesley Matthews,76.0,220.0,10366.0,786.0,1695.0,1996.0,404.0,999.0,155.0,827.0,0.824,0.381,0.424,13.0,50.9,30.8,20.1,18.4,13.2,0.1,0.561,13.188295165394402,2.1564885496183206,1.2709923664122138,0.19720101781170485,1.0521628498727735,3.053435114503817
Brook Lopez,84.0,270.0,13084.0,778.0,1186.0,3332.0,1635.0,1398.0,1398.0,452.0,0.792,0.338,0.494,19.5,64.7,38.8,25.9,24.4,20.4,1.4,0.566,16.817480719794343,1.5244215938303343,1.7969151670951158,1.7969151670951158,0.5809768637532133,6.384318766066839
Pat Connaughton,77.0,209.0,1305.0,277.0,346.0,588.0,174.0,150.0,79.0,84.0,0.784,0.343,0.443,11.1,9.8,4.3,5.5,13.1,1.7,-0.5,0.553,4.7111913357400725,1.2490974729241877,0.5415162454873647,0.2851985559566787,0.30324909747292417,2.7509025270758123
Robin Lopez,84.0,275.0,7273.0,826.0,683.0,2283.0,1908.0,908.0,968.0,199.0,0.751,0.299,0.529,16.0,44.7,28.6,16.1,17.6,4.8,-1.0,0.567,8.805084745762711,0.8268765133171913,1.099273607748184,1.171912832929782,0.24092009685230023,5.073849878934625
Donte DiVincenzo,76.0,203.0,685.0,86.0,167.0,279.0,75.0,91.0,24.0,93.0,0.767,0.322,0.45,13.6,5.1,1.4,3.7,16.5,1.4,1.1,0.556,7.965116279069767,1.941860465116279,1.058139534883721,0.27906976744186046,1.0813953488372092,4.116279069767442
Eric Bledsoe,73.0,205.0,8899.0,626.0,3026.0,1977.0,511.0,1650.0,300.0,900.0,0.795,0.337,0.457,18.1,42.3,21.6,20.7,24.0,18.5,2.2,0.558,14.215654952076678,4.833865814696486,2.635782747603834,0.4792332268370607,1.4376996805111821,3.9744408945686898
Khris Middleton,79.0,222.0,8288.0,510.0,1693.0,2061.0,302.0,970.0,96.0,642.0,0.874,0.392,0.458,16.3,38.3,22.1,16.2,22.6,10.2,0.5,0.569,16.250980392156862,3.319607843137255,1.9019607843137254,0.18823529411764706,1.2588235294117647,4.633333333333333
George Hill,75.0,188.0,8662.0,778.0,2475.0,1948.0,459.0,977.0,215.0,710.0,0.803,0.385,0.457,15.1,65.0,38.7,26.3,17.9,18.9,1.5,0.572,11.133676092544988,3.1812339331619537,1.255784061696658,0.2763496143958869,0.9125964010282777,3.0938303341902316
Kyle Korver,79.0,212.0,11903.0,1224.0,2107.0,3281.0,344.0,1284.0,403.0,799.0,0.876,0.429,0.442,12.8,73.1,42.7,30.4,16.2,20.6,0.6,0.602,9.72467320261438,1.72140522875817,1.0490196078431373,0.3292483660130719,0.6527777777777778,2.961601307189542
Sterling Brown,77.0,232.0,812.0,157.0,155.0,408.0,84.0,107.0,28.0,78.0,0.762,0.344,0.418,9.9,3.8,0.3,3.5,15.3,-0.1,-2.1,0.521,5.171974522292993,0.9872611464968153,0.6815286624203821,0.17834394904458598,0.4968152866242038,3.1337579617834392
D.J. Wilson,82.0,231.0,401.0,101.0,77.0,243.0,57.0,51.0,26.0,23.0,0.569,0.332,0.416,9.9,2.1,0.2,2.0,15.1,-0.1,-2.5,0.51,3.9702970297029703,0.7623762376237624,0.504950495049505,0.25742574257425743,0.22772277227722773,2.9702970297029703
Marvin Williams,80.0,237.0,10941.0,1066.0,1369.0,4245.0,1266.0,1016.0,573.0,823.0,0.808,0.362,0.443,13.6,64.8,36.2,28.6,16.6,12.3,-0.4,0.548,10.26360225140713,1.2842401500938085,0.9530956848030019,0.5375234521575984,0.7720450281425891,5.169793621013133
Frank Mason III,71.0,190.0,622.0,96.0,242.0,142.0,39.0,107.0,14.0,52.0,0.767,0.294,0.387,12.5,0.8,-0.2,0.9,22.3,-0.3,-2.8,0.482,6.479166666666667,2.5208333333333335,1.1145833333333333,0.14583333333333334,0.5416666666666666,1.8854166666666667
Cameron Reynolds,79.0,225.0,95.0,19.0,13.0,27.0,4.0,5.0,2.0,6.0,0.889,0.412,0.423,10.4,0.4,0.3,0.1,14.1,0.0,-2.5,0.58,5.0,0.6842105263157895,0.2631578947368421,0.10526315789473684,0.3157894736842105,1.631578947368421
Jarrett Culver,78.0,195.0,580.0,63.0,110.0,142.0,70.0,81.0,38.0,57.0,0.462,0.299,0.404,9.6,-0.1,-1.2,1.1,19.2,-0.8,-4.0,0.467,9.206349206349206,1.746031746031746,1.2857142857142858,0.6031746031746031,0.9047619047619048,3.365079365079365
Josh Okogie,76.0,212.0,1103.0,136.0,190.0,358.0,128.0,150.0,59.0,156.0,0.765,0.274,0.404,10.4,3.4,0.8,2.6,15.3,-0.6,-2.7,0.52,8.110294117647058,1.3970588235294117,1.1029411764705883,0.4338235294117647,1.1470588235294117,3.5735294117647056
Karl-Anthony Towns,83.0,248.0,8113.0,358.0,992.0,3088.0,1121.0,904.0,523.0,278.0,0.831,0.396,0.534,25.1,50.4,36.9,13.6,26.3,21.2,4.8,0.622,22.662011173184357,2.7709497206703912,2.525139664804469,1.4608938547486034,0.776536312849162,11.756983240223464
Kelan Martin,77.0,235.0,197.0,31.0,23.0,84.0,12.0,20.0,9.0,7.0,0.968,0.26,0.392,9.2,0.2,-0.1,0.3,17.8,-0.3,-4.3,0.506,6.354838709677419,0.7419354838709677,0.6451612903225806,0.2903225806451613,0.22580645161290322,3.096774193548387
Naz Reid,81.0,264.0,269.0,30.0,35.0,90.0,34.0,22.0,22.0,19.0,0.698,0.33,0.412,15.3,0.8,0.2,0.6,24.0,0.0,-1.9,0.505,8.966666666666667,1.1666666666666667,0.7333333333333333,0.7333333333333333,0.6333333333333333,4.133333333333333
Jordan McLaughlin,71.0,170.0,229.0,30.0,125.0,42.0,7.0,31.0,4.0,34.0,0.667,0.382,0.489,16.3,1.6,1.2,0.4,15.8,0.3,0.3,0.587,7.633333333333334,4.166666666666667,1.0333333333333334,0.13333333333333333,1.1333333333333333,1.6333333333333333
Jake Layman,80.0,209.0,863.0,164.0,90.0,231.0,83.0,86.0,47.0,63.0,0.724,0.309,0.456,11.2,3.0,1.2,1.8,16.6,-0.1,-2.1,0.544,5.262195121951219,0.5487804878048781,0.524390243902439,0.2865853658536585,0.38414634146341464,1.9146341463414633
Jaylen Nowell,76.0,196.0,57.0,15.0,19.0,10.0,3.0,3.0,1.0,3.0,0.941,0.115,0.358,10.5,0.2,0.1,0.0,17.3,-0.1,-3.7,0.471,3.8,1.2666666666666666,0.2,0.06666666666666667,0.2,0.8666666666666667
Malik Beasley,76.0,198.0,1811.0,220.0,214.0,364.0,72.0,144.0,25.0,117.0,0.8,0.388,0.448,12.9,6.4,3.5,2.9,19.4,0.8,-1.2,0.566,8.231818181818182,0.9727272727272728,0.6545454545454545,0.11363636363636363,0.5318181818181819,1.981818181818182
James Johnson,79.0,240.0,5055.0,634.0,1355.0,1767.0,517.0,928.0,570.0,497.0,0.693,0.31,0.477,14.6,24.6,7.1,17.5,19.1,9.3,0.8,0.543,7.973186119873817,2.137223974763407,1.4637223974763407,0.8990536277602523,0.7839116719242902,3.6025236593059935
D'Angelo Russell,76.0,198.0,5532.0,317.0,1666.0,998.0,178.0,919.0,79.0,364.0,0.772,0.356,0.42,16.4,8.4,2.5,5.9,28.7,5.5,0.4,0.526,17.451104100946374,5.255520504731861,2.8990536277602525,0.24921135646687698,1.1482649842271293,3.7097791798107256
Jarred Vanderbilt,81.0,214.0,36.0,28.0,5.0,22.0,10.0,15.0,2.0,9.0,0.667,0.0,0.519,10.5,0.0,-0.2,0.2,17.6,-0.1,-4.9,0.558,1.2857142857142858,0.17857142857142858,0.5357142857142857,0.07142857142857142,0.32142857142857145,1.1428571428571428
Jacob Evans,76.0,210.0,168.0,59.0,54.0,51.0,15.0,36.0,15.0,16.0,0.833,0.315,0.337,4.8,-0.6,-0.9,0.3,16.2,-0.8,-7.4,0.42,2.847457627118644,0.9152542372881356,0.6101694915254238,0.2542372881355932,0.2711864406779661,1.1186440677966103
Evan Turner,78.0,220.0,6824.0,705.0,2462.0,2890.0,388.0,1267.0,184.0,532.0,0.782,0.294,0.434,11.9,20.2,-0.5,20.7,19.1,0.5,-1.9,0.493,9.679432624113476,3.4921985815602836,1.797163120567376,0.26099290780141843,0.7546099290780142,4.649645390070923
Omari Spellman,80.0,245.0,642.0,95.0,94.0,264.0,149.0,85.0,49.0,59.0,0.766,0.366,0.417,13.4,2.4,1.1,1.3,16.9,0.2,-1.5,0.536,6.757894736842105,0.9894736842105263,0.8947368421052632,0.5157894736842106,0.6210526315789474,4.347368421052632
Josh Hart,77.0,215.0,1600.0,187.0,267.0,750.0,131.0,170.0,77.0,170.0,0.713,0.353,0.428,11.0,8.2,3.1,5.1,14.1,1.6,-0.7,0.557,8.556149732620321,1.427807486631016,0.9090909090909091,0.4117647058823529,0.9090909090909091,4.711229946524064
Brandon Ingram,79.0,190.0,3997.0,246.0,791.0,1040.0,207.0,568.0,147.0,179.0,0.72,0.357,0.46,13.5,9.4,3.8,5.6,22.3,1.1,-1.4,0.544,16.247967479674795,3.2154471544715446,2.3089430894308944,0.5975609756097561,0.7276422764227642,5.069105691056911
Lonzo Ball,78.0,190.0,1688.0,155.0,1023.0,773.0,186.0,411.0,92.0,237.0,0.484,0.343,0.393,12.7,6.1,0.0,6.1,17.7,3.3,0.6,0.488,10.890322580645162,6.6,2.6516129032258067,0.5935483870967742,1.5290322580645161,6.187096774193549
Jaxson Hayes,83.0,220.0,420.0,56.0,51.0,141.0,82.0,41.0,53.0,23.0,0.63,0.25,0.66,17.8,3.5,2.5,1.0,15.1,0.5,0.1,0.675,7.5,0.9107142857142857,0.7321428571428571,0.9464285714285714,0.4107142857142857,3.9821428571428568
Jrue Holiday,75.0,205.0,11224.0,707.0,4529.0,2157.0,610.0,1939.0,360.0,1056.0,0.777,0.355,0.452,16.9,43.0,20.2,22.8,23.6,19.2,1.2,0.529,15.875530410183876,6.405940594059406,2.742574257425743,0.5091937765205092,1.4936350777934937,3.9137199434229135
J.J. Redick,75.0,200.0,11589.0,890.0,1800.0,1661.0,167.0,994.0,84.0,408.0,0.891,0.416,0.448,15.0,62.6,47.3,15.3,20.4,16.1,0.8,0.602,13.021348314606742,2.0224719101123596,1.1168539325842697,0.09438202247191012,0.4584269662921348,2.053932584269663
E'Twaun Moore,75.0,191.0,4581.0,566.0,1010.0,889.0,266.0,509.0,125.0,376.0,0.737,0.39,0.455,11.4,14.4,6.5,7.9,17.3,0.3,-1.9,0.535,8.093639575971732,1.784452296819788,0.8992932862190812,0.22084805653710246,0.6643109540636042,2.040636042402827
Frank Jackson,75.0,205.0,780.0,112.0,110.0,161.0,44.0,91.0,6.0,40.0,0.745,0.318,0.416,8.8,0.4,-0.3,0.7,19.2,-1.4,-5.1,0.51,6.964285714285714,0.9821428571428571,0.8125,0.05357142857142857,0.35714285714285715,1.8303571428571428
Derrick Favors,81.0,265.0,7735.0,677.0,776.0,3271.0,1721.0,946.0,857.0,523.0,0.662,0.207,0.53,18.9,53.3,27.8,25.5,20.4,12.7,0.9,0.562,11.425406203840472,1.1462333825701625,1.397341211225997,1.2658788774002954,0.7725258493353028,7.37370753323486
Nickeil Alexander-Walker,77.0,205.0,211.0,41.0,74.0,72.0,8.0,40.0,7.0,11.0,0.607,0.342,0.339,7.6,-0.4,-0.7,0.4,22.8,-0.4,-4.9,0.441,5.146341463414634,1.8048780487804879,0.975609756097561,0.17073170731707318,0.2682926829268293,1.951219512195122
Kenrich Williams,78.0,210.0,411.0,81.0,136.0,293.0,104.0,57.0,40.0,70.0,0.512,0.306,0.37,8.8,2.0,0.3,1.7,11.0,0.0,-2.1,0.466,5.074074074074074,1.6790123456790123,0.7037037037037037,0.49382716049382713,0.8641975308641975,4.901234567901234
Jahlil Okafor,82.0,275.0,2392.0,218.0,211.0,743.0,352.0,324.0,187.0,67.0,0.674,0.235,0.536,16.6,6.4,2.8,3.6,23.7,0.0,-2.0,0.562,10.972477064220184,0.9678899082568807,1.4862385321100917,0.8577981651376146,0.3073394495412844,5.022935779816514
Zion Williamson,78.0,285.0,448.0,19.0,41.0,74.0,55.0,51.0,9.0,16.0,0.645,0.462,0.589,24.2,1.8,1.3,0.4,29.6,0.6,2.4,0.624,23.57894736842105,2.1578947368421053,2.6842105263157894,0.47368421052631576,0.8421052631578947,6.7894736842105265
Josh Gray,72.0,180.0,34.0,7.0,14.0,9.0,3.0,12.0,2.0,8.0,0.636,0.231,0.279,4.7,-0.3,-0.4,0.1,23.2,-0.1,-6.7,0.355,4.857142857142857,2.0,1.7142857142857142,0.2857142857142857,1.1428571428571428,1.7142857142857144
Darius Miller,78.0,225.0,1524.0,253.0,346.0,374.0,49.0,163.0,61.0,110.0,0.83,0.382,0.418,8.4,5.9,4.0,1.9,12.5,-0.7,-2.5,0.572,6.023715415019763,1.3675889328063242,0.6442687747035574,0.24110671936758893,0.43478260869565216,1.6719367588932805
Sindarius Thornwell,77.0,215.0,344.0,137.0,86.0,146.0,38.0,73.0,32.0,62.0,0.689,0.342,0.415,7.6,1.0,-0.2,1.2,12.0,-0.3,-2.9,0.512,2.510948905109489,0.6277372262773723,0.5328467153284672,0.23357664233576642,0.45255474452554745,1.343065693430657
Bobby Portis,82.0,246.0,3215.0,315.0,380.0,1326.0,546.0,341.0,94.0,158.0,0.754,0.36,0.456,16.1,10.8,4.8,6.0,22.8,1.1,-1.3,0.528,10.206349206349206,1.2063492063492063,1.0825396825396825,0.2984126984126984,0.5015873015873016,5.942857142857143
Kevin Knox,79.0,215.0,1382.0,140.0,143.0,430.0,89.0,159.0,52.0,66.0,0.697,0.337,0.367,8.6,-1.2,-2.7,1.6,20.8,-2.7,-5.2,0.474,9.871428571428572,1.0214285714285714,1.1357142857142857,0.37142857142857144,0.4714285714285714,3.7071428571428573
Julius Randle,80.0,250.0,6032.0,375.0,1045.0,2559.0,816.0,937.0,178.0,248.0,0.724,0.295,0.493,17.7,20.5,10.9,9.6,24.6,4.1,-0.5,0.557,16.085333333333335,2.7866666666666666,2.498666666666667,0.4746666666666667,0.6613333333333333,9.0
Taj Gibson,81.0,225.0,7618.0,799.0,812.0,3147.0,1851.0,940.0,838.0,450.0,0.709,0.22,0.515,15.5,52.4,25.1,27.3,17.5,6.4,-0.8,0.55,9.53441802252816,1.016270337922403,1.1764705882352942,1.048811013767209,0.5632040050062578,6.25531914893617
RJ Barrett,78.0,202.0,803.0,56.0,143.0,229.0,50.0,124.0,17.0,55.0,0.614,0.32,0.402,10.7,-0.5,-1.6,1.1,24.0,-1.0,-4.3,0.479,14.339285714285714,2.5535714285714284,2.2142857142857144,0.30357142857142855,0.9821428571428571,4.982142857142858
Damyean Dotson,77.0,202.0,1282.0,165.0,223.0,384.0,53.0,109.0,16.0,93.0,0.721,0.361,0.419,10.9,3.0,1.5,1.5,17.1,-0.2,-2.2,0.527,7.7696969696969695,1.3515151515151516,0.6606060606060606,0.09696969696969697,0.5636363636363636,2.6484848484848484
Elfrid Payton,75.0,185.0,4247.0,387.0,2566.0,1265.0,438.0,934.0,136.0,516.0,0.625,0.289,0.452,15.3,14.9,5.4,9.5,20.1,4.3,-0.5,0.496,10.974160206718347,6.630490956072351,2.41343669250646,0.35142118863049093,1.3333333333333333,4.4005167958656335
Wayne Ellington,76.0,200.0,5461.0,681.0,755.0,1265.0,216.0,456.0,52.0,371.0,0.846,0.378,0.408,11.1,18.2,11.0,7.2,17.2,1.6,-1.6,0.534,8.019089574155654,1.1086637298091042,0.6696035242290749,0.0763582966226138,0.5447870778267254,2.1747430249632895
Dennis Smith Jr.,74.0,195.0,1957.0,156.0,708.0,390.0,103.0,406.0,46.0,166.0,0.647,0.314,0.4,11.9,-1.6,-4.9,3.3,26.6,-0.7,-2.7,0.475,12.544871794871796,4.538461538461538,2.6025641025641026,0.2948717948717949,1.064102564102564,3.16025641025641
Reggie Bullock,78.0,200.0,2090.0,301.0,342.0,530.0,101.0,170.0,38.0,159.0,0.826,0.385,0.43,11.0,10.2,5.5,4.7,15.0,1.8,-0.8,0.56,6.943521594684386,1.1362126245847175,0.5647840531561462,0.12624584717607973,0.5282392026578073,2.096345514950166
Maurice Harkless,79.0,220.0,3848.0,537.0,505.0,1364.0,633.0,468.0,355.0,524.0,0.612,0.325,0.478,12.2,21.9,8.9,13.0,14.3,4.7,-0.5,0.544,7.165735567970205,0.9404096834264432,0.8715083798882681,0.6610800744878957,0.9757914338919925,3.7188081936685293
Ignas Brazdeikis,78.0,216.0,17.0,9.0,4.0,3.0,2.0,2.0,1.0,0.0,0.8,0.111,0.273,3.3,-0.1,-0.1,0.0,21.0,-0.1,-8.9,0.351,1.8888888888888888,0.4444444444444444,0.2222222222222222,0.1111111111111111,0.0,0.5555555555555556
Theo Pinson,77.0,212.0,201.0,51.0,77.0,76.0,14.0,51.0,4.0,23.0,0.895,0.214,0.307,6.3,-0.5,-1.2,0.7,21.5,-0.5,-5.6,0.411,3.9411764705882355,1.5098039215686274,1.0,0.0784313725490196,0.45098039215686275,1.7647058823529411
Shai Gilgeous-Alexander,77.0,181.0,2105.0,145.0,478.0,514.0,102.0,258.0,90.0,166.0,0.801,0.357,0.474,15.7,8.9,4.4,4.5,21.0,2.9,0.6,0.561,14.517241379310345,3.296551724137931,1.7793103448275862,0.6206896551724138,1.1448275862068966,4.248275862068965
Chris Paul,73.0,175.0,18711.0,1013.0,9607.0,3910.0,662.0,2441.0,131.0,2220.0,0.87,0.37,0.47,25.1,179.5,132.2,47.3,23.9,85.6,7.6,0.582,18.470878578479763,9.483711747285291,2.409674234945706,0.12931885488647582,2.1915103652517276,4.513326752221126
Steven Adams,83.0,265.0,5140.0,525.0,610.0,2177.0,1812.0,749.0,529.0,468.0,0.558,0.1,0.589,17.2,44.9,25.8,19.1,15.3,8.6,0.4,0.596,9.790476190476191,1.161904761904762,1.4266666666666667,1.0076190476190476,0.8914285714285715,7.5980952380952385
Nerlens Noel,82.0,220.0,2869.0,355.0,418.0,1522.0,689.0,483.0,492.0,469.0,0.648,0.286,0.542,17.5,21.4,7.0,14.4,16.7,5.9,1.0,0.568,8.08169014084507,1.1774647887323944,1.36056338028169,1.3859154929577464,1.3211267605633803,6.228169014084507
Abdel Nader,77.0,225.0,674.0,157.0,81.0,236.0,41.0,96.0,42.0,55.0,0.715,0.348,0.413,8.7,1.9,-0.5,2.4,16.2,-0.4,-2.9,0.523,4.292993630573249,0.5159235668789809,0.6114649681528662,0.267515923566879,0.3503184713375796,1.7643312101910829
Mike Muscala,82.0,240.0,1946.0,348.0,322.0,787.0,309.0,219.0,173.0,123.0,0.839,0.364,0.461,13.4,13.0,6.9,6.1,15.4,2.4,-0.3,0.579,5.591954022988506,0.9252873563218391,0.6293103448275862,0.49712643678160917,0.35344827586206895,3.1494252873563218
Hamidou Diallo,77.0,202.0,423.0,89.0,39.0,152.0,67.0,60.0,18.0,49.0,0.615,0.186,0.453,9.2,1.0,-0.6,1.5,17.0,-0.8,-4.6,0.492,4.752808988764045,0.43820224719101125,0.6741573033707865,0.20224719101123595,0.550561797752809,2.460674157303371
Deonte Burton,76.0,240.0,176.0,66.0,20.0,66.0,10.0,23.0,18.0,11.0,0.583,0.247,0.385,6.4,-0.1,-0.7,0.6,17.9,-0.4,-5.1,0.445,2.6666666666666665,0.30303030303030304,0.3484848484848485,0.2727272727272727,0.16666666666666666,1.1515151515151516
Luguentz Dort,75.0,215.0,180.0,29.0,21.0,39.0,15.0,15.0,2.0,23.0,0.778,0.301,0.414,7.3,0.7,0.2,0.5,13.0,-0.3,-3.9,0.521,6.206896551724138,0.7241379310344828,0.5172413793103449,0.06896551724137931,0.7931034482758621,1.8620689655172415
Devon Hall,74.0,215.0,5.0,5.0,3.0,1.0,0.0,1.0,0.0,0.0,0.75,0.0,0.2,3.6,0.0,0.0,0.0,17.1,0.0,-9.7,0.37,1.0,0.6,0.2,0.0,0.0,0.2
Andre Roberson,79.0,210.0,1356.0,295.0,257.0,840.0,348.0,181.0,195.0,264.0,0.467,0.257,0.482,9.8,12.7,4.5,8.2,9.4,2.5,-0.5,0.529,4.596610169491526,0.8711864406779661,0.6135593220338983,0.6610169491525424,0.8949152542372881,4.027118644067796
Markelle Fultz,75.0,200.0,1027.0,97.0,446.0,254.0,72.0,173.0,19.0,112.0,0.668,0.256,0.456,13.5,3.2,0.5,2.7,20.7,0.0,-2.0,0.499,10.587628865979381,4.597938144329897,1.7835051546391754,0.1958762886597938,1.1546391752577319,3.3608247422680413
Terrence Ross,78.0,206.0,6093.0,555.0,609.0,1370.0,199.0,500.0,186.0,469.0,0.825,0.371,0.421,12.8,22.0,9.4,12.6,20.0,5.2,-0.5,0.542,10.978378378378379,1.0972972972972972,0.9009009009009009,0.33513513513513515,0.8450450450450451,2.827027027027027
Aaron Gordon,80.0,220.0,5082.0,399.0,951.0,1918.0,635.0,556.0,254.0,311.0,0.701,0.318,0.447,15.2,21.4,9.3,12.1,20.6,5.5,-0.1,0.53,12.736842105263158,2.3834586466165413,1.3934837092731829,0.6365914786967418,0.7794486215538847,6.398496240601504
D.J. Augustin,71.0,183.0,8439.0,856.0,3427.0,1373.0,257.0,1290.0,30.0,518.0,0.865,0.379,0.412,14.2,44.5,30.7,13.7,19.5,8.0,-0.5,0.556,9.858644859813085,4.003504672897196,1.5070093457943925,0.035046728971962614,0.6051401869158879,1.9042056074766356
Wesley Iwundu,78.0,195.0,805.0,175.0,176.0,338.0,96.0,92.0,45.0,86.0,0.796,0.307,0.413,8.7,3.9,1.1,2.8,12.5,-1.2,-3.5,0.512,4.6,1.0057142857142858,0.5257142857142857,0.2571428571428571,0.49142857142857144,2.48
Michael Carter-Williams,77.0,190.0,3728.0,357.0,1565.0,1230.0,337.0,839.0,195.0,468.0,0.711,0.256,0.403,13.9,7.0,-3.6,10.7,22.9,2.5,-0.9,0.475,10.442577030812325,4.383753501400561,2.350140056022409,0.5462184873949579,1.3109243697478992,4.389355742296919
Khem Birch,81.0,233.0,571.0,132.0,107.0,331.0,219.0,64.0,71.0,49.0,0.668,0.0,0.548,14.8,6.1,3.7,2.4,12.0,0.5,-1.0,0.589,4.325757575757576,0.8106060606060606,0.48484848484848486,0.5378787878787878,0.3712121212121212,4.166666666666667
Jonathan Isaac,83.0,210.0,1249.0,134.0,142.0,560.0,172.0,149.0,206.0,142.0,0.794,0.328,0.432,13.6,6.5,0.7,5.8,16.6,1.9,0.1,0.529,9.32089552238806,1.0597014925373134,1.1119402985074627,1.537313432835821,1.0597014925373134,5.462686567164178
Al-Farouq Aminu,80.0,220.0,5248.0,688.0,848.0,3210.0,960.0,835.0,388.0,659.0,0.745,0.335,0.421,12.3,27.5,7.3,20.2,15.2,6.6,-0.5,0.518,7.627906976744186,1.2325581395348837,1.2136627906976745,0.563953488372093,0.9578488372093024,6.061046511627906
Gary Clark,78.0,225.0,260.0,86.0,33.0,150.0,51.0,12.0,40.0,25.0,0.938,0.308,0.349,9.6,1.8,0.7,1.1,10.9,0.2,-1.3,0.502,3.0232558139534884,0.38372093023255816,0.13953488372093023,0.46511627906976744,0.29069767441860467,2.3372093023255816
Melvin Frazier,77.0,200.0,33.0,25.0,2.0,5.0,4.0,4.0,2.0,5.0,0.375,0.308,0.342,4.6,-0.1,-0.2,0.1,20.8,-0.2,-9.1,0.397,1.32,0.08,0.16,0.08,0.2,0.36
James Ennis,78.0,210.0,2167.0,339.0,299.0,747.0,335.0,250.0,102.0,204.0,0.795,0.354,0.453,11.5,13.8,7.8,6.0,14.0,1.0,-1.4,0.577,6.392330383480826,0.8820058997050148,0.7374631268436578,0.3008849557522124,0.6017699115044248,3.191740412979351
B.J. Johnson,79.0,200.0,36.0,15.0,2.0,11.0,3.0,5.0,0.0,4.0,1.0,0.308,0.389,7.8,-0.1,-0.1,0.1,18.9,-0.1,-6.9,0.477,2.4,0.13333333333333333,0.3333333333333333,0.0,0.26666666666666666,0.9333333333333333
Vic Law,79.0,200.0,0.0,5.0,0.0,1.0,0.0,0.0,0.0,0.0,0.0,0.0,0.0,-16.6,-0.1,-0.1,0.0,18.6,-0.1,-25.2,0.0,0.0,0.0,0.0,0.0,0.0,0.2
Tobias Harris,80.0,235.0,9694.0,611.0,1234.0,3086.0,604.0,847.0,297.0,451.0,0.82,0.364,0.471,16.7,45.0,26.7,18.3,22.2,13.8,0.9,0.561,15.865793780687397,2.0196399345335516,1.386252045826514,0.486088379705401,0.7381342062193126,6.039279869067103
Mike Scott,79.0,237.0,3473.0,499.0,451.0,1224.0,360.0,336.0,60.0,156.0,0.76,0.363,0.458,12.8,15.4,7.6,7.8,18.7,0.7,-1.7,0.554,6.959919839679359,0.9038076152304609,0.6733466933867736,0.12024048096192384,0.312625250501002,3.174348697394789
Al Horford,81.0,245.0,11814.0,846.0,2792.0,5222.0,1787.0,1329.0,1002.0,688.0,0.754,0.361,0.52,18.7,90.7,50.7,40.1,19.2,33.4,2.8,0.569,13.964539007092199,3.300236406619385,1.570921985815603,1.1843971631205674,0.8132387706855791,8.284869976359339
Matisse Thybulle,77.0,200.0,267.0,57.0,70.0,51.0,35.0,45.0,40.0,80.0,0.61,0.352,0.41,9.8,1.9,0.1,1.8,11.6,0.6,0.1,0.53,4.684210526315789,1.2280701754385965,0.7894736842105263,0.7017543859649122,1.4035087719298245,1.5087719298245614
Ben Simmons,82.0,230.0,3518.0,214.0,1713.0,1354.0,425.0,744.0,163.0,367.0,0.594,0.087,0.561,20.2,24.4,12.7,11.8,21.8,11.2,4.0,0.579,16.439252336448597,8.004672897196262,3.4766355140186915,0.7616822429906542,1.7149532710280373,8.313084112149532
Josh Richardson,77.0,200.0,3797.0,307.0,890.0,769.0,216.0,444.0,207.0,341.0,0.814,0.362,0.426,12.7,17.6,6.7,10.9,18.6,4.2,-0.2,0.534,12.368078175895766,2.8990228013029316,1.4462540716612378,0.6742671009771987,1.1107491856677525,3.2084690553745925
Joel Embiid,84.0,250.0,4864.0,202.0,636.0,1838.0,486.0,712.0,367.0,151.0,0.794,0.322,0.479,24.8,22.4,10.9,11.5,33.5,10.0,4.5,0.586,24.07920792079208,3.1485148514851486,3.5247524752475248,1.816831683168317,0.7475247524752475,11.504950495049505
Kyle O'Quinn,81.0,250.0,2553.0,469.0,627.0,1522.0,626.0,456.0,451.0,187.0,0.739,0.225,0.517,17.9,17.6,7.5,10.1,18.4,4.8,0.9,0.554,5.443496801705757,1.3368869936034116,0.9722814498933902,0.9616204690831557,0.39872068230277186,4.5799573560767595
Glenn Robinson III,78.0,222.0,1664.0,279.0,218.0,531.0,190.0,142.0,55.0,144.0,0.769,0.372,0.459,11.6,7.5,3.9,3.6,14.8,0.6,-1.5,0.549,5.96415770609319,0.7813620071684588,0.5089605734767025,0.1971326164874552,0.5161290322580645,2.5842293906810037
Alec Burks,78.0,214.0,4980.0,488.0,900.0,1269.0,297.0,622.0,92.0,318.0,0.792,0.358,0.42,13.9,15.9,8.5,7.5,22.5,2.2,-1.2,0.529,10.204918032786885,1.8442622950819672,1.2745901639344261,0.1885245901639344,0.6516393442622951,3.2090163934426226
Zhaire Smith,75.0,199.0,48.0,13.0,12.0,12.0,3.0,8.0,2.0,5.0,0.667,0.316,0.378,7.6,0.0,-0.1,0.1,17.2,-0.1,-6.1,0.477,3.6923076923076925,0.9230769230769231,0.6153846153846154,0.15384615384615385,0.38461538461538464,1.153846153846154
Ryan Broekhoff,78.0,215.0,238.0,59.0,33.0,93.0,13.0,22.0,8.0,11.0,0.815,0.403,0.427,11.4,1.2,0.7,0.5,14.8,0.2,-0.5,0.604,4.033898305084746,0.559322033898305,0.3728813559322034,0.13559322033898305,0.1864406779661017,1.7966101694915255
Mikal Bridges,78.0,210.0,1249.0,147.0,288.0,408.0,115.0,135.0,77.0,222.0,0.825,0.341,0.466,11.7,7.0,3.9,3.1,12.3,1.5,-0.6,0.585,8.496598639455783,1.9591836734693877,0.9183673469387755,0.5238095238095238,1.510204081632653,3.557823129251701
Devin Booker,77.0,210.0,7439.0,334.0,1562.0,1038.0,165.0,1103.0,84.0,264.0,0.868,0.355,0.447,16.8,15.9,12.5,3.3,29.1,4.8,-0.3,0.566,22.272455089820358,4.676646706586826,3.302395209580838,0.25149700598802394,0.7904191616766467,3.601796407185629
Kelly Oubre Jr.,79.0,205.0,3783.0,348.0,327.0,1160.0,283.0,360.0,158.0,315.0,0.778,0.329,0.431,12.5,12.0,4.2,7.7,19.9,0.2,-1.9,0.541,10.870689655172415,0.9396551724137931,1.0344827586206897,0.4540229885057471,0.9051724137931034,4.1465517241379315
Jevon Carter,73.0,195.0,403.0,89.0,134.0,125.0,39.0,64.0,24.0,64.0,0.825,0.365,0.354,9.3,1.0,-0.4,1.4,15.7,0.0,-2.1,0.485,4.52808988764045,1.5056179775280898,0.7191011235955056,0.2696629213483146,0.7191011235955056,1.8426966292134832
Cameron Johnson,80.0,205.0,398.0,49.0,52.0,101.0,39.0,29.0,16.0,30.0,0.761,0.397,0.418,12.2,1.8,1.1,0.7,16.0,0.5,-0.2,0.576,8.122448979591837,1.0612244897959184,0.5918367346938775,0.32653061224489793,0.6122448979591837,2.8571428571428568
Cheick Diallo,80.0,220.0,939.0,177.0,78.0,570.0,173.0,114.0,73.0,54.0,0.77,0.333,0.598,17.0,6.2,3.4,2.8,16.9,0.3,-1.4,0.631,5.305084745762712,0.4406779661016949,0.6440677966101694,0.4124293785310734,0.3050847457627119,4.19774011299435
Aron Baynes,82.0,260.0,2791.0,469.0,374.0,1405.0,718.0,399.0,232.0,101.0,0.8,0.327,0.495,14.1,19.0,9.0,10.0,17.3,-0.2,-2.1,0.556,5.950959488272921,0.7974413646055437,0.8507462686567164,0.4946695095948827,0.21535181236673773,4.526652452025586
Frank Kaminsky,84.0,240.0,3110.0,314.0,523.0,1039.0,241.0,274.0,118.0,145.0,0.749,0.349,0.423,13.8,12.4,6.0,6.3,20.2,2.5,-0.6,0.532,9.904458598726114,1.6656050955414012,0.8726114649681529,0.37579617834394907,0.46178343949044587,4.076433121019108
Deandre Ayton,83.0,250.0,1729.0,101.0,182.0,743.0,346.0,197.0,118.0,83.0,0.753,0.0,0.572,20.5,8.3,5.3,3.0,22.2,1.9,0.3,0.595,17.11881188118812,1.801980198019802,1.9504950495049505,1.1683168316831682,0.8217821782178217,10.782178217821782
Ty Jerome,77.0,195.0,98.0,28.0,43.0,35.0,6.0,18.0,3.0,14.0,0.786,0.277,0.349,8.1,0.0,-0.3,0.3,17.6,-0.1,-3.8,0.437,3.5,1.5357142857142858,0.6428571428571429,0.10714285714285714,0.5,1.4642857142857142
Tariq Owens,82.0,205.0,4.0,3.0,0.0,1.0,2.0,0.0,0.0,1.0,1.0,0.0,0.2,8.4,0.0,0.0,0.0,16.7,0.0,-5.9,0.34,1.3333333333333333,0.0,0.0,0.0,0.3333333333333333,1.0
Cameron Payne,75.0,190.0,914.0,153.0,382.0,231.0,43.0,154.0,28.0,104.0,0.775,0.331,0.397,11.4,2.2,0.2,2.0,19.4,-0.2,-2.3,0.482,5.973856209150327,2.496732026143791,1.0065359477124183,0.1830065359477124,0.6797385620915033,1.7908496732026142
CJ McCollum,75.0,197.0,8723.0,473.0,1464.0,1260.0,284.0,824.0,177.0,404.0,0.827,0.397,0.455,17.2,31.5,21.9,9.7,26.1,11.1,1.0,0.551,18.441860465116278,3.095137420718816,1.7420718816067653,0.37420718816067655,0.854122621564482,3.2642706131078225
Hassan Whiteside,84.0,235.0,5576.0,404.0,277.0,3411.0,1367.0,660.0,985.0,238.0,0.606,0.32,0.582,24.3,44.9,21.8,23.1,21.8,13.2,2.8,0.598,13.801980198019802,0.6856435643564357,1.6336633663366336,2.4381188118811883,0.5891089108910891,11.826732673267328
Damian Lillard,74.0,195.0,14586.0,607.0,3932.0,2162.0,377.0,1683.0,192.0,592.0,0.889,0.371,0.436,21.9,79.9,65.2,14.6,28.4,36.9,4.6,0.578,24.029654036243823,6.477759472817134,2.772652388797364,0.3163097199341021,0.9752883031301482,4.182866556836903
Gary Trent Jr.,77.0,209.0,446.0,68.0,55.0,78.0,21.0,23.0,15.0,40.0,0.767,0.374,0.413,11.0,1.4,0.9,0.4,16.0,0.0,-2.0,0.532,6.5588235294117645,0.8088235294117647,0.3382352941176471,0.22058823529411764,0.5882352941176471,1.4558823529411764
Carmelo Anthony,80.0,240.0,26314.0,1114.0,3244.0,5372.0,1879.0,2919.0,550.0,1121.0,0.812,0.348,0.448,19.9,102.0,66.6,35.4,30.4,35.7,1.6,0.541,23.621184919210055,2.912028725314183,2.6202872531418313,0.49371633752244165,1.0062836624775584,6.508976660682227
Nassir Little,77.0,220.0,172.0,48.0,22.0,77.0,31.0,15.0,14.0,13.0,0.636,0.237,0.43,9.7,0.6,0.3,0.3,13.7,-0.2,-3.5,0.505,3.5833333333333335,0.4583333333333333,0.3125,0.2916666666666667,0.2708333333333333,2.25
Trevor Ariza,80.0,215.0,11215.0,1064.0,2297.0,4086.0,1044.0,1441.0,331.0,1584.0,0.732,0.352,0.423,13.2,62.6,24.5,38.1,16.7,21.8,0.7,0.536,10.540413533834586,2.1588345864661656,1.3543233082706767,0.31109022556390975,1.4887218045112782,4.821428571428571
Rodney Hood,80.0,208.0,4247.0,341.0,645.0,860.0,120.0,379.0,67.0,262.0,0.839,0.372,0.426,13.2,17.1,9.6,7.5,20.8,3.4,-0.5,0.542,12.454545454545455,1.8914956011730206,1.1114369501466275,0.19648093841642228,0.7683284457478006,2.873900293255132
Caleb Swanigan,81.0,260.0,169.0,75.0,56.0,159.0,59.0,73.0,11.0,14.0,0.614,0.118,0.438,6.8,-0.2,-0.9,0.7,16.5,-0.7,-6.2,0.471,2.2533333333333334,0.7466666666666667,0.9733333333333334,0.14666666666666667,0.18666666666666668,2.9066666666666667
Wenyen Gabriel,81.0,220.0,60.0,28.0,8.0,28.0,18.0,16.0,6.0,10.0,0.7,0.3,0.435,9.6,0.2,0.0,0.2,14.5,-0.1,-3.9,0.547,2.142857142857143,0.2857142857142857,0.5714285714285714,0.21428571428571427,0.35714285714285715,1.6428571428571428
Jaylen Hoard,80.0,216.0,38.0,13.0,4.0,18.0,14.0,4.0,0.0,5.0,0.615,0.0,0.469,14.9,0.2,0.1,0.1,17.2,0.0,-1.9,0.504,2.923076923076923,0.3076923076923077,0.3076923076923077,0.0,0.38461538461538464,2.4615384615384617
Zach Collins,83.0,232.0,831.0,146.0,129.0,399.0,158.0,141.0,99.0,42.0,0.73,0.324,0.442,10.9,3.7,0.8,2.9,16.0,-0.3,-2.5,0.53,5.691780821917808,0.8835616438356164,0.9657534246575342,0.678082191780822,0.2876712328767123,3.815068493150685
Jaylen Adams,74.0,190.0,108.0,34.0,65.0,49.0,11.0,28.0,5.0,14.0,0.778,0.338,0.345,7.6,0.1,-0.1,0.2,13.5,-0.2,-4.3,0.474,3.176470588235294,1.911764705882353,0.8235294117647058,0.14705882352941177,0.4117647058823529,1.7647058823529411
Buddy Hield,76.0,220.0,4908.0,308.0,678.0,1041.0,253.0,521.0,81.0,241.0,0.869,0.411,0.442,15.6,13.1,7.2,5.9,24.6,6.0,0.8,0.566,15.935064935064934,2.2012987012987013,1.6915584415584415,0.262987012987013,0.7824675324675324,4.201298701298701
Harrison Barnes,80.0,225.0,8263.0,604.0,982.0,2350.0,601.0,711.0,115.0,421.0,0.796,0.375,0.447,13.3,33.9,17.7,16.3,19.7,4.6,-1.0,0.544,13.68046357615894,1.6258278145695364,1.1771523178807948,0.19039735099337748,0.6970198675496688,4.885761589403973
Cory Joseph,75.0,200.0,4070.0,592.0,1703.0,1228.0,298.0,584.0,132.0,452.0,0.766,0.331,0.441,12.2,24.0,10.8,13.1,15.8,3.9,-0.8,0.514,6.875,2.876689189189189,0.9864864864864865,0.22297297297297297,0.7635135135135135,2.5777027027027026
De'Aaron Fox,75.0,185.0,3163.0,199.0,1214.0,583.0,106.0,541.0,88.0,267.0,0.718,0.335,0.448,16.3,8.5,3.7,4.9,25.4,2.5,-0.3,0.528,15.894472361809045,6.100502512562814,2.7185929648241207,0.44221105527638194,1.3417085427135678,3.4623115577889445
Richaun Holmes,82.0,240.0,2229.0,265.0,251.0,867.0,446.0,213.0,258.0,162.0,0.724,0.257,0.584,19.0,17.0,11.1,6.0,17.5,3.3,0.7,0.625,8.41132075471698,0.9471698113207547,0.8037735849056604,0.9735849056603774,0.6113207547169811,4.9547169811320755
Harry Giles,83.0,240.0,673.0,96.0,134.0,282.0,99.0,108.0,36.0,52.0,0.679,0.0,0.524,15.2,2.4,0.7,1.7,21.7,-0.1,-2.2,0.548,7.010416666666667,1.3958333333333333,1.125,0.375,0.5416666666666666,3.96875
Justin James,79.0,190.0,85.0,34.0,16.0,24.0,6.0,8.0,9.0,6.0,0.476,0.346,0.423,11.5,0.2,0.0,0.2,19.0,0.1,-0.7,0.487,2.5,0.47058823529411764,0.23529411764705882,0.2647058823529412,0.17647058823529413,0.8823529411764707
Kent Bazemore,76.0,195.0,4761.0,547.0,1004.0,1562.0,195.0,796.0,266.0,560.0,0.726,0.35,0.413,11.8,11.7,-2.9,14.5,20.2,2.1,-1.3,0.52,8.703839122486288,1.8354661791590494,1.4552102376599634,0.48628884826325414,1.023765996343693,3.212065813528336
Alex Len,84.0,250.0,3683.0,461.0,392.0,1950.0,943.0,572.0,459.0,190.0,0.69,0.33,0.495,15.3,17.8,8.6,9.2,18.1,-0.1,-2.0,0.552,7.989154013015185,0.8503253796095445,1.2407809110629067,0.9956616052060737,0.4121475054229935,6.275488069414317
Jabari Parker,80.0,245.0,4208.0,280.0,585.0,1187.0,427.0,512.0,111.0,263.0,0.739,0.324,0.492,16.3,12.8,6.5,6.3,23.5,2.3,-0.9,0.551,15.028571428571428,2.0892857142857144,1.8285714285714285,0.3964285714285714,0.9392857142857143,5.764285714285714
Corey Brewer,81.0,186.0,7092.0,814.0,1248.0,1668.0,611.0,948.0,222.0,1019.0,0.713,0.284,0.425,11.8,22.5,5.6,16.8,18.6,2.0,-1.6,0.502,8.712530712530713,1.5331695331695332,1.1646191646191646,0.2727272727272727,1.2518427518427517,2.7997542997542997
Bryn Forbes,74.0,190.0,2323.0,261.0,386.0,454.0,44.0,185.0,6.0,107.0,0.801,0.4,0.431,10.7,7.4,4.3,3.1,17.6,-0.5,-2.4,0.559,8.900383141762452,1.4789272030651341,0.7088122605363985,0.022988505747126436,0.4099616858237548,1.9080459770114944
Trey Lyles,81.0,234.0,2602.0,351.0,375.0,1211.0,277.0,297.0,123.0,140.0,0.708,0.341,0.433,13.1,10.3,3.3,6.9,19.4,1.3,-1.2,0.527,7.413105413105413,1.0683760683760684,0.8461538461538461,0.3504273504273504,0.39886039886039887,4.239316239316239
DeMar DeRozan,78.0,220.0,16283.0,813.0,2893.0,2938.0,607.0,1669.0,235.0,803.0,0.829,0.283,0.457,18.2,66.5,47.0,19.5,27.1,16.5,0.4,0.541,20.02829028290283,3.5584255842558425,2.052890528905289,0.2890528905289053,0.9876998769987699,4.360393603936039
Derrick White,76.0,190.0,1350.0,145.0,478.0,396.0,70.0,178.0,105.0,110.0,0.814,0.359,0.47,15.3,7.5,4.5,3.0,17.8,2.5,0.9,0.572,9.310344827586206,3.296551724137931,1.2275862068965517,0.7241379310344828,0.7586206896551724,3.213793103448276
Rudy Gay,80.0,230.0,16062.0,939.0,2066.0,4223.0,1312.0,2086.0,716.0,1133.0,0.798,0.345,0.456,16.7,56.4,26.1,30.3,24.5,21.6,0.7,0.536,17.105431309904155,2.2002129925452607,2.2215122470713524,0.7625133120340788,1.2066027689030885,5.894568690095847
Dejounte Murray,76.0,170.0,1403.0,177.0,516.0,653.0,183.0,280.0,53.0,205.0,0.739,0.354,0.456,15.4,5.8,0.3,5.5,20.9,2.0,0.3,0.508,7.926553672316384,2.9152542372881354,1.5819209039548023,0.2994350282485876,1.1581920903954803,4.72316384180791
Jakob Poeltl,85.0,230.0,1461.0,271.0,264.0,753.0,525.0,207.0,272.0,115.0,0.543,0.5,0.638,17.7,15.6,9.6,6.1,13.6,3.3,1.0,0.635,5.391143911439114,0.974169741697417,0.7638376383763837,1.003690036900369,0.42435424354243545,4.715867158671586
LaMarcus Aldridge,83.0,260.0,19599.0,1003.0,1985.0,5676.0,2684.0,1572.0,1111.0,733.0,0.811,0.312,0.491,20.8,111.4,70.4,41.1,25.9,32.4,1.7,0.543,19.54037886340977,1.9790628115653042,1.5672981056829511,1.1076769690927217,0.7308075772681955,8.334995014955135
Chimezie Metu,81.0,225.0,97.0,45.0,19.0,43.0,19.0,20.0,6.0,7.0,0.76,0.0,0.419,12.8,-0.1,-0.3,0.2,24.9,-0.2,-4.8,0.466,2.1555555555555554,0.4222222222222222,0.4444444444444444,0.13333333333333333,0.15555555555555556,1.3777777777777778
Drew Eubanks,81.0,245.0,92.0,37.0,12.0,55.0,14.0,18.0,11.0,4.0,0.792,1.0,0.667,15.2,0.6,0.3,0.3,14.9,0.0,-2.5,0.713,2.4864864864864864,0.32432432432432434,0.4864864864864865,0.2972972972972973,0.10810810810810811,1.864864864864865
Keldon Johnson,77.0,211.0,41.0,9.0,6.0,12.0,5.0,3.0,1.0,5.0,0.7,0.4,0.516,16.6,0.2,0.2,0.1,18.1,0.0,-0.9,0.579,4.555555555555555,0.6666666666666666,0.3333333333333333,0.1111111111111111,0.5555555555555556,1.8888888888888888
Tyler Zeller,84.0,253.0,2871.0,412.0,367.0,1182.0,634.0,348.0,241.0,104.0,0.764,0.286,0.509,14.9,17.1,10.4,6.6,17.8,0.0,-2.0,0.554,6.968446601941747,0.8907766990291263,0.8446601941747572,0.5849514563106796,0.2524271844660194,4.407766990291262
Terence Davis,76.0,205.0,495.0,64.0,107.0,171.0,46.0,65.0,12.0,32.0,0.865,0.396,0.463,14.5,3.0,1.4,1.6,18.9,0.9,1.3,0.598,7.734375,1.671875,1.015625,0.1875,0.5,3.390625
OG Anunoby,79.0,232.0,1582.0,204.0,201.0,546.0,176.0,175.0,78.0,186.0,0.638,0.362,0.48,11.2,10.1,3.5,6.6,14.1,1.8,-0.5,0.578,7.754901960784314,0.9852941176470589,0.8578431372549019,0.38235294117647056,0.9117647058823529,3.5392156862745097
Chris Boucher,81.0,200.0,441.0,84.0,25.0,189.0,110.0,30.0,77.0,26.0,0.805,0.292,0.454,20.2,3.9,1.9,2.0,20.2,0.8,1.6,0.567,5.25,0.2976190476190476,0.35714285714285715,0.9166666666666666,0.30952380952380953,3.5595238095238093
Pascal Siakam,81.0,230.0,3425.0,269.0,615.0,1173.0,324.0,386.0,188.0,214.0,0.766,0.333,0.504,16.8,20.7,10.3,10.4,20.7,6.1,1.5,0.58,12.732342007434944,2.2862453531598512,1.4349442379182156,0.6988847583643123,0.7955390334572491,5.565055762081784
Kyle Lowry,72.0,196.0,13381.0,908.0,5623.0,3171.0,734.0,2101.0,263.0,1226.0,0.809,0.366,0.423,18.4,93.5,63.1,30.4,21.7,38.0,3.2,0.565,14.736784140969164,6.192731277533039,2.313876651982379,0.289647577092511,1.3502202643171806,4.3006607929515415
Rondae Hollis-Jefferson,78.0,217.0,2690.0,286.0,550.0,1208.0,421.0,380.0,157.0,274.0,0.738,0.214,0.448,14.7,12.3,4.0,8.3,19.6,2.2,-0.7,0.518,9.405594405594405,1.9230769230769231,1.3286713286713288,0.548951048951049,0.958041958041958,5.695804195804197
Norman Powell,75.0,215.0,2531.0,299.0,387.0,604.0,95.0,297.0,70.0,212.0,0.816,0.359,0.457,13.5,11.5,4.7,6.8,19.9,2.3,-0.3,0.569,8.464882943143813,1.294314381270903,0.9933110367892977,0.23411371237458195,0.7090301003344481,2.3377926421404682
Patrick McCaw,79.0,185.0,755.0,194.0,266.0,253.0,63.0,123.0,31.0,137.0,0.779,0.305,0.419,7.8,4.2,0.5,3.7,11.2,-0.7,-2.8,0.51,3.8917525773195876,1.3711340206185567,0.634020618556701,0.15979381443298968,0.7061855670103093,1.6288659793814433
Matt Thomas,76.0,190.0,150.0,33.0,17.0,41.0,7.0,12.0,0.0,8.0,0.7,0.467,0.486,13.6,0.9,0.5,0.4,17.0,0.3,1.4,0.65,4.545454545454546,0.5151515151515151,0.36363636363636365,0.0,0.24242424242424243,1.4545454545454546
Malcolm Miller,79.0,210.0,96.0,50.0,12.0,28.0,6.0,9.0,5.0,6.0,0.571,0.393,0.41,8.3,0.5,0.2,0.3,12.7,0.0,-1.6,0.57,1.92,0.24,0.18,0.1,0.12,0.68
Stanley Johnson,78.0,245.0,2008.0,305.0,431.0,822.0,164.0,351.0,66.0,270.0,0.765,0.291,0.372,8.6,3.2,-4.7,7.9,17.5,-1.5,-2.9,0.465,6.583606557377049,1.4131147540983606,1.1508196721311474,0.21639344262295082,0.8852459016393442,3.2327868852459014
Oshae Brissett,79.0,210.0,37.0,19.0,7.0,17.0,9.0,7.0,1.0,4.0,0.8,0.2,0.361,6.7,0.1,-0.1,0.2,15.0,-0.1,-5.4,0.458,1.9473684210526316,0.3684210526315789,0.3684210526315789,0.05263157894736842,0.21052631578947367,1.368421052631579
Paul Watson,79.0,215.0,1.0,5.0,5.0,4.0,0.0,0.0,1.0,1.0,0.5,0.0,0.0,-0.5,-0.1,-0.1,0.0,14.8,0.0,-7.3,0.056,0.2,1.0,0.0,0.2,0.2,0.8
Royce O'Neale,76.0,226.0,1169.0,215.0,382.0,791.0,69.0,175.0,68.0,137.0,0.772,0.38,0.447,9.6,9.7,3.1,6.6,11.2,2.5,0.1,0.572,5.437209302325582,1.7767441860465116,0.813953488372093,0.31627906976744186,0.6372093023255814,4.0
Donovan Mitchell,73.0,215.0,4970.0,219.0,877.0,733.0,155.0,600.0,70.0,290.0,0.821,0.355,0.44,17.5,15.4,5.7,9.7,30.6,6.5,1.4,0.545,22.69406392694064,4.004566210045662,2.73972602739726,0.319634703196347,1.3242009132420092,4.054794520547945
Georges Niang,79.0,230.0,601.0,149.0,78.0,194.0,28.0,57.0,11.0,28.0,0.84,0.395,0.444,11.7,2.7,1.2,1.5,17.6,0.5,-0.6,0.583,4.033557046979865,0.5234899328859061,0.3825503355704698,0.0738255033557047,0.18791946308724833,1.4899328859060401
Tony Bradley,82.0,248.0,258.0,62.0,19.0,139.0,103.0,26.0,27.0,14.0,0.659,0.5,0.626,21.0,2.8,1.8,1.0,16.6,0.4,0.4,0.641,4.161290322580645,0.3064516129032258,0.41935483870967744,0.43548387096774194,0.22580645161290322,3.903225806451613
Mike Conley,73.0,175.0,12300.0,829.0,4687.0,2093.0,367.0,1662.0,166.0,1192.0,0.818,0.375,0.439,17.5,73.5,46.6,26.8,21.8,29.3,2.3,0.547,14.837153196622436,5.6537997587454765,2.004825090470446,0.20024125452352232,1.4378769601930037,2.9674306393244874
Jordan Clarkson,76.0,194.0,6573.0,445.0,1152.0,1020.0,384.0,739.0,61.0,385.0,0.818,0.341,0.447,15.6,14.0,10.5,3.5,24.7,3.9,-0.7,0.537,14.770786516853933,2.58876404494382,1.6606741573033708,0.13707865168539327,0.8651685393258427,3.155056179775281
Ed Davis,81.0,225.0,4197.0,665.0,507.0,2903.0,1524.0,520.0,544.0,332.0,0.583,0.0,0.568,16.5,41.7,24.4,17.3,14.0,6.2,-0.1,0.582,6.311278195488722,0.762406015037594,0.7819548872180451,0.8180451127819549,0.4992481203007519,6.657142857142857
Rayjon Tucker,77.0,210.0,19.0,14.0,2.0,11.0,2.0,3.0,0.0,1.0,0.6,0.0,0.421,4.5,0.0,-0.1,0.1,13.6,-0.1,-7.9,0.448,1.3571428571428572,0.14285714285714285,0.21428571428571427,0.0,0.07142857142857142,0.9285714285714286
Nigel Williams-Goss,74.0,190.0,4.0,9.0,5.0,3.0,2.0,2.0,1.0,1.0,1.0,0.0,0.143,5.7,0.0,-0.1,0.0,15.5,0.0,-3.9,0.254,0.4444444444444444,0.5555555555555556,0.2222222222222222,0.1111111111111111,0.1111111111111111,0.5555555555555556
Troy Brown Jr.,78.0,215.0,842.0,113.0,222.0,371.0,99.0,95.0,11.0,97.0,0.733,0.336,0.441,12.9,2.8,1.4,1.3,16.9,0.1,-1.7,0.519,7.451327433628318,1.9646017699115044,0.8407079646017699,0.09734513274336283,0.8584070796460177,4.15929203539823
Bradley Beal,75.0,207.0,11425.0,545.0,2171.0,1719.0,450.0,1241.0,214.0,622.0,0.807,0.38,0.452,17.8,41.5,27.1,14.4,26.6,17.0,1.6,0.559,20.96330275229358,3.98348623853211,2.2770642201834863,0.3926605504587156,1.1412844036697247,3.9798165137614676
Rui Hachimura,80.0,230.0,548.0,41.0,70.0,185.0,63.0,41.0,7.0,34.0,0.829,0.274,0.478,13.9,1.7,1.3,0.4,18.7,-0.3,-3.0,0.543,13.365853658536585,1.7073170731707317,1.0,0.17073170731707318,0.8292682926829268,6.048780487804878
Thomas Bryant,82.0,248.0,1240.0,125.0,169.0,540.0,191.0,110.0,102.0,40.0,0.755,0.344,0.604,20.3,8.5,6.6,1.9,17.8,2.1,1.5,0.662,9.92,1.352,0.88,0.816,0.32,5.848000000000001
Moritz Wagner,83.0,245.0,559.0,80.0,73.0,209.0,68.0,94.0,30.0,33.0,0.815,0.313,0.506,14.1,2.0,1.0,0.9,19.9,-0.2,-2.6,0.61,6.9875,0.9125,1.175,0.375,0.4125,3.4625
Gary Payton II,75.0,190.0,213.0,61.0,86.0,98.0,40.0,38.0,15.0,46.0,0.455,0.256,0.414,10.5,0.6,-0.1,0.7,14.9,-0.1,-2.5,0.464,3.4918032786885247,1.4098360655737705,0.6229508196721312,0.2459016393442623,0.7540983606557377,2.262295081967213
Admiral Schofield,77.0,241.0,83.0,27.0,14.0,28.0,6.0,7.0,3.0,8.0,0.692,0.298,0.4,6.8,0.1,0.1,0.0,12.5,-0.2,-5.3,0.514,3.074074074074074,0.5185185185185185,0.25925925925925924,0.1111111111111111,0.2962962962962963,1.259259259259259
Shabazz Napier,72.0,175.0,2382.0,340.0,840.0,542.0,103.0,435.0,46.0,283.0,0.815,0.346,0.397,13.0,8.3,2.8,5.5,19.8,2.1,-0.6,0.532,7.0058823529411764,2.4705882352941178,1.2794117647058822,0.13529411764705881,0.8323529411764706,1.897058823529412
Jerome Robinson,76.0,190.0,313.0,88.0,84.0,135.0,12.0,47.0,17.0,33.0,0.684,0.304,0.365,6.4,0.1,-0.8,1.0,15.2,-0.7,-4.6,0.457,3.5568181818181817,0.9545454545454546,0.5340909090909091,0.19318181818181818,0.375,1.6704545454545454
Johnathan Williams,81.0,228.0,192.0,35.0,19.0,79.0,63.0,20.0,13.0,9.0,0.566,0.0,0.6,14.9,1.4,1.0,0.4,14.6,-0.1,-2.8,0.606,5.485714285714286,0.5428571428571428,0.5714285714285714,0.37142857142857144,0.2571428571428571,4.057142857142857
John Wall,76.0,210.0,10879.0,573.0,5282.0,2153.0,330.0,2191.0,396.0,976.0,0.781,0.324,0.433,19.4,44.3,21.5,22.8,27.4,23.6,2.6,0.519,18.986038394415356,9.218150087260035,3.823734729493892,0.6910994764397905,1.7033158813263525,4.333333333333333
Jerian Grant,76.0,205.0,1665.0,273.0,796.0,434.0,90.0,271.0,32.0,204.0,0.771,0.324,0.412,12.6,8.3,4.0,4.3,16.8,0.6,-1.5,0.52,6.0989010989010985,2.9157509157509156,0.9926739926739927,0.11721611721611722,0.7472527472527473,1.9194139194139193
Jarrod Uthoff,81.0,221.0,44.0,13.0,9.0,14.0,9.0,3.0,4.0,3.0,0.778,0.231,0.378,12.4,0.2,0.0,0.1,18.7,0.0,-3.5,0.449,3.3846153846153846,0.6923076923076923,0.23076923076923078,0.3076923076923077,0.23076923076923078,1.7692307692307692
