Name,Career Height,Career Weight,Career Points,Career Games,Career Assists,Career Def Rebounds,Career Off Rebounds,Career Turnovers,Career Blocks,Career Steals,Career Free Throw Percentage,Career Three Point Percentage,Career Field Goal Percentage,Career Win Shares,Offensive Win Shares,Defensive Win Shares,Career Usage Percentage,Box Plus Minus,True Shooting Per,PPG,APG,TPG,BPG,SPG,RPG
De'Andre Hunter,79.0,225.0,882.0,71.0,111.0,220.0,90.0,83.0,35.0,41.0,0.773,0.419,0.509,11.0,6.8,4.2,24.7,10.5,0.606,12.422535211267606,1.5633802816901408,1.1690140845070423,0.49295774647887325,0.5774647887323944,4.366197183098592
Trae Young,74.0,180.0,876.0,32.0,279.0,111.0,14.0,167.0,8.0,54.0,0.861,0.36,0.422,5.7,4.6,1.1,37.1,11.1,0.585,27.375,8.71875,5.21875,0.25,1.6875,3.90625
Vince Carter,79.0,215.0,1267.0,103.0,197.0,-999.0,-999.0,83.0,80.0,114.0,0.705,0.368,0.547,14.8,9.0,5.8,-999.0,-999.0,0.622,12.300970873786408,1.912621359223301,0.8058252427184466,0.7766990291262136,1.1067961165048543,-19.398058252427184
Cam Reddish,80.0,218.0,485.0,36.0,70.0,113.0,20.0,96.0,21.0,56.0,0.772,0.333,0.356,3.0,0.8,2.2,25.3,4.5,0.499,13.472222222222221,1.9444444444444444,2.6666666666666665,0.5833333333333334,1.5555555555555556,3.6944444444444446
Kevin Huerter,79.0,190.0,779.0,65.0,196.0,271.0,53.0,126.0,44.0,52.0,0.748,0.394,0.466,7.8,4.6,3.2,19.3,7.7,0.603,11.984615384615385,3.0153846153846153,1.9384615384615385,0.676923076923077,0.8,4.984615384615385
Bruno Fernando,82.0,240.0,770.0,64.0,89.0,413.0,145.0,148.0,101.0,33.0,0.763,0.308,0.595,8.3,4.5,3.8,23.1,8.1,0.638,12.03125,1.390625,2.3125,1.578125,0.515625,8.71875
Damian Jones,82.0,248.0,1313.0,99.0,71.0,423.0,207.0,197.0,167.0,37.0,0.565,,0.566,10.1,5.2,4.9,26.6,3.7,0.573,13.262626262626263,0.7171717171717171,1.9898989898989898,1.6868686868686869,0.37373737373737376,6.363636363636363
DeAndre' Bembry,78.0,210.0,1590.0,101.0,364.0,535.0,137.0,248.0,78.0,143.0,0.628,0.312,0.457,12.8,6.4,6.3,24.9,6.0,0.528,15.742574257425742,3.603960396039604,2.4554455445544554,0.7722772277227723,1.4158415841584158,6.653465346534654
John Collins,82.0,218.0,859.0,64.0,24.0,270.0,176.0,91.0,75.0,30.0,0.729,,0.601,7.1,5.7,1.4,27.8,7.4,0.638,13.421875,0.375,1.421875,1.171875,0.46875,6.96875
Brandon Goodwin,72.0,180.0,1651.0,126.0,477.0,396.0,116.0,290.0,11.0,137.0,0.716,0.301,0.474,13.3,8.9,4.3,24.1,2.2,0.563,13.103174603174603,3.7857142857142856,2.3015873015873014,0.0873015873015873,1.0873015873015872,4.063492063492063
Jeff Teague,74.0,180.0,1000.0,61.0,184.0,153.0,31.0,180.0,35.0,113.0,0.812,0.421,0.462,9.1,5.6,3.5,24.3,-999.0,0.586,16.39344262295082,3.0163934426229506,2.9508196721311477,0.5737704918032787,1.8524590163934427,3.0163934426229506
Treveon Graham,78.0,220.0,1882.0,140.0,199.0,512.0,293.0,191.0,29.0,111.0,0.691,0.354,0.432,18.0,11.4,6.6,26.8,7.3,0.542,13.442857142857143,1.4214285714285715,1.3642857142857143,0.20714285714285716,0.7928571428571428,5.75
Dewayne Dedmon,84.0,255.0,360.0,51.0,25.0,206.0,119.0,78.0,85.0,48.0,0.614,0.0,0.52,3.6,1.2,2.4,19.5,3.9,0.536,7.0588235294117645,0.49019607843137253,1.5294117647058822,1.6666666666666667,0.9411764705882353,6.372549019607844
Spencer Dinwiddie,78.0,200.0,1115.0,86.0,227.0,246.0,42.0,153.0,29.0,97.0,0.83,0.386,0.42,12.3,8.4,3.9,21.8,7.8,0.599,12.965116279069768,2.63953488372093,1.7790697674418605,0.3372093023255814,1.127906976744186,3.3488372093023258
Taurean Prince,79.0,215.0,1321.0,129.0,145.0,345.0,202.0,221.0,63.0,121.0,0.718,0.376,0.46,10.7,6.2,4.5,27.3,7.4,0.557,10.24031007751938,1.124031007751938,1.7131782945736433,0.4883720930232558,0.937984496124031,4.240310077519379
Jarrett Allen,83.0,235.0,442.0,33.0,27.0,178.0,100.0,84.0,51.0,19.0,0.564,0.0,0.566,3.3,1.5,1.7,22.6,5.2,0.571,13.393939393939394,0.8181818181818182,2.5454545454545454,1.5454545454545454,0.5757575757575758,8.424242424242424
Joe Harris,78.0,198.0,47.0,15.0,5.0,15.0,9.0,6.0,0.0,3.0,0.0,0.375,0.452,0.2,0.2,0.0,14.9,-4.0,0.535,3.1333333333333333,0.3333333333333333,0.4,0.0,0.2,1.6
DeAndre Jordan,83.0,250.0,278.0,35.0,15.0,144.0,66.0,57.0,44.0,7.0,0.437,-999.0,0.617,4.4,1.6,2.8,-999.0,-999.0,0.58,7.942857142857143,0.42857142857142855,1.6285714285714286,1.2571428571428571,0.2,6.0
Garrett Temple,78.0,190.0,901.0,134.0,482.0,395.0,107.0,293.0,113.0,191.0,0.783,0.278,0.371,10.8,1.8,9.0,13.5,-999.0,0.494,6.723880597014926,3.5970149253731343,2.1865671641791047,0.8432835820895522,1.4253731343283582,3.746268656716418
Caris LeVert,79.0,200.0,1070.0,103.0,275.0,325.0,39.0,136.0,22.0,97.0,0.77,0.401,0.434,10.0,6.3,3.7,22.8,6.8,0.552,10.388349514563107,2.6699029126213594,1.3203883495145632,0.21359223300970873,0.941747572815534,3.5339805825242716
Wilson Chandler,80.0,220.0,761.0,59.0,72.0,305.0,111.0,106.0,86.0,41.0,0.659,0.303,0.445,5.5,1.6,3.9,23.2,-999.0,0.504,12.898305084745763,1.2203389830508475,1.7966101694915255,1.4576271186440677,0.6949152542372882,7.050847457627119
Kyrie Irving,74.0,180.0,192.0,11.0,47.0,31.0,6.0,27.0,6.0,16.0,0.901,0.462,0.529,2.4,1.8,0.6,26.4,14.8,0.697,17.454545454545453,4.2727272727272725,2.4545454545454546,0.5454545454545454,1.4545454545454546,3.3636363636363638
Nicolas Claxton,83.0,220.0,545.0,65.0,64.0,276.0,127.0,90.0,123.0,39.0,0.611,0.302,0.457,4.8,2.3,2.5,20.2,4.8,0.526,8.384615384615385,0.9846153846153847,1.3846153846153846,1.8923076923076922,0.6,6.2
Chris Chiozza,72.0,160.0,1025.0,139.0,571.0,386.0,56.0,223.0,7.0,191.0,0.747,0.327,0.391,11.8,5.3,6.5,17.7,5.7,0.507,7.374100719424461,4.107913669064748,1.60431654676259,0.050359712230215826,1.3741007194244603,3.179856115107914
Justin Anderson,78.0,227.0,873.0,98.0,180.0,266.0,75.0,125.0,84.0,60.0,0.752,0.357,0.43,10.8,5.2,5.5,22.3,8.7,0.549,8.908163265306122,1.836734693877551,1.2755102040816326,0.8571428571428571,0.6122448979591837,3.479591836734694
Lance Thomas,81.0,225.0,647.0,140.0,64.0,251.0,257.0,166.0,33.0,77.0,0.6,-999.0,0.525,8.5,3.2,5.3,13.4,-999.0,0.55,4.621428571428571,0.45714285714285713,1.1857142857142857,0.2357142857142857,0.55,3.6285714285714286
Kevin Durant,81.0,215.0,903.0,35.0,46.0,284.0,106.0,99.0,67.0,66.0,0.816,0.404,0.473,8.8,4.7,4.1,33.2,-999.0,0.587,25.8,1.3142857142857143,2.8285714285714287,1.9142857142857144,1.8857142857142857,11.142857142857142
Tyler Johnson,0.0,-999.0,3.0,5.0,1.0,-999.0,-999.0,0.0,0.0,1.0,-999.0,1.0,0.333,0.0,0.0,0.0,-999.0,-999.0,0.5,0.6,0.2,0.0,0.0,0.2,-399.6
Jamal Crawford,78.0,185.0,283.0,17.0,76.0,-999.0,-999.0,53.0,16.0,19.0,0.784,0.327,0.412,0.9,0.7,0.2,-999.0,-999.0,0.507,16.647058823529413,4.470588235294118,3.1176470588235294,0.9411764705882353,1.1176470588235294,-117.52941176470588
Brad Wanamaker,76.0,210.0,1090.0,134.0,454.0,398.0,126.0,257.0,33.0,130.0,0.722,0.344,0.437,13.3,6.8,6.5,20.9,10.5,0.534,8.134328358208956,3.388059701492537,1.9179104477611941,0.2462686567164179,0.9701492537313433,3.91044776119403
Grant Williams,79.0,236.0,1629.0,104.0,219.0,421.0,257.0,219.0,160.0,89.0,0.758,0.291,0.516,15.7,10.2,5.5,26.5,8.9,0.591,15.663461538461538,2.105769230769231,2.105769230769231,1.5384615384615385,0.8557692307692307,6.51923076923077
Semi Ojeleye,80.0,230.0,711.0,58.0,56.0,179.0,90.0,55.0,18.0,22.0,0.785,0.415,0.479,8.3,5.8,2.5,24.9,8.7,0.618,12.258620689655173,0.9655172413793104,0.9482758620689655,0.3103448275862069,0.3793103448275862,4.637931034482759
Jayson Tatum,80.0,205.0,488.0,29.0,62.0,174.0,39.0,76.0,33.0,39.0,0.849,0.342,0.452,4.1,2.3,1.8,26.2,7.9,0.566,16.82758620689655,2.1379310344827585,2.6206896551724137,1.1379310344827587,1.3448275862068966,7.344827586206897
Marcus Smart,76.0,220.0,1064.0,64.0,287.0,281.0,94.0,193.0,40.0,188.0,0.751,0.295,0.413,11.0,5.6,5.4,28.2,11.4,0.542,16.625,4.484375,3.015625,0.625,2.9375,5.859375
Kemba Walker,73.0,172.0,1783.0,111.0,460.0,377.0,116.0,258.0,28.0,185.0,0.783,0.326,0.428,17.9,11.5,6.4,26.2,13.1,0.539,16.063063063063062,4.1441441441441444,2.324324324324324,0.25225225225225223,1.6666666666666667,4.441441441441441
Jaylen Brown,79.0,225.0,498.0,34.0,68.0,146.0,36.0,105.0,22.0,27.0,0.654,0.294,0.431,2.7,1.0,1.8,31.4,3.6,0.518,14.647058823529411,2.0,3.088235294117647,0.6470588235294118,0.7941176470588235,5.352941176470588
Gordon Hayward,80.0,207.0,992.0,69.0,125.0,394.0,118.0,138.0,60.0,88.0,0.824,0.369,0.47,14.2,7.9,6.3,22.3,-999.0,0.624,14.376811594202898,1.8115942028985508,2.0,0.8695652173913043,1.2753623188405796,7.420289855072463
Javonte Green,76.0,205.0,1911.0,133.0,141.0,704.0,360.0,245.0,89.0,243.0,0.656,0.238,0.519,17.5,10.5,7.0,29.0,3.7,0.562,14.368421052631579,1.0601503759398496,1.8421052631578947,0.6691729323308271,1.8270676691729324,8.0
Carsen Edwards,73.0,200.0,1920.0,108.0,270.0,322.0,41.0,241.0,21.0,126.0,0.817,0.368,0.412,13.6,8.4,5.1,32.2,7.1,0.547,17.77777777777778,2.5,2.2314814814814814,0.19444444444444445,1.1666666666666667,3.361111111111111
Romeo Langford,78.0,215.0,528.0,32.0,75.0,127.0,45.0,68.0,26.0,25.0,0.722,0.272,0.448,4.0,2.4,1.6,26.1,6.5,0.542,16.5,2.34375,2.125,0.8125,0.78125,5.375
Tremont Waters,71.0,175.0,1029.0,66.0,390.0,183.0,20.0,210.0,7.0,163.0,0.807,0.34,0.423,8.2,5.4,2.8,26.1,7.5,0.551,15.590909090909092,5.909090909090909,3.1818181818181817,0.10606060606060606,2.4696969696969697,3.075757575757576
Miles Bridges,79.0,230.0,1055.0,62.0,150.0,385.0,84.0,133.0,69.0,40.0,0.776,0.375,0.47,9.1,5.2,4.0,27.2,9.5,0.576,17.016129032258064,2.4193548387096775,2.1451612903225805,1.1129032258064515,0.6451612903225806,7.564516129032258
Devonte' Graham,74.0,175.0,1750.0,142.0,632.0,377.0,62.0,270.0,14.0,197.0,0.787,0.409,0.422,18.4,12.0,6.4,19.7,8.3,0.578,12.32394366197183,4.450704225352113,1.9014084507042253,0.09859154929577464,1.3873239436619718,3.0915492957746475
Terry Rozier,73.0,190.0,874.0,73.0,175.0,243.0,71.0,101.0,8.0,110.0,0.772,0.331,0.408,9.5,4.5,4.9,24.7,8.7,0.507,11.972602739726028,2.3972602739726026,1.3835616438356164,0.1095890410958904,1.5068493150684932,4.301369863013699
P.J. Washington,80.0,228.0,932.0,72.0,120.0,327.0,148.0,140.0,74.0,57.0,0.632,0.384,0.521,9.1,5.3,3.8,23.3,8.3,0.577,12.944444444444445,1.6666666666666667,1.9444444444444444,1.0277777777777777,0.7916666666666666,6.597222222222222
Cody Zeller,84.0,240.0,1157.0,72.0,92.0,337.0,188.0,141.0,87.0,86.0,0.756,,0.592,14.1,9.9,4.2,25.4,11.4,0.643,16.069444444444443,1.2777777777777777,1.9583333333333333,1.2083333333333333,1.1944444444444444,7.291666666666666
Malik Monk,75.0,200.0,754.0,38.0,87.0,83.0,12.0,75.0,19.0,36.0,0.822,0.397,0.45,5.8,3.9,1.9,27.2,9.0,0.586,19.842105263157894,2.289473684210526,1.9736842105263157,0.5,0.9473684210526315,2.5
Cody Martin,79.0,205.0,1178.0,122.0,434.0,388.0,171.0,201.0,96.0,155.0,0.689,0.325,0.501,13.2,7.7,5.5,17.8,6.3,0.558,9.655737704918034,3.557377049180328,1.6475409836065573,0.7868852459016393,1.2704918032786885,4.581967213114754
Dwayne Bacon,79.0,210.0,1139.0,69.0,111.0,263.0,81.0,145.0,5.0,68.0,0.733,0.312,0.449,6.7,4.2,2.5,29.1,4.2,0.533,16.507246376811594,1.608695652173913,2.101449275362319,0.07246376811594203,0.9855072463768116,4.9855072463768115
Caleb Martin,79.0,205.0,1885.0,139.0,261.0,505.0,121.0,198.0,78.0,135.0,0.725,0.359,0.414,15.2,9.6,5.7,23.9,6.5,0.555,13.56115107913669,1.8776978417266188,1.4244604316546763,0.5611510791366906,0.9712230215827338,4.503597122302159
Jalen McDaniels,82.0,195.0,886.0,67.0,101.0,388.0,141.0,118.0,35.0,65.0,0.758,0.298,0.504,8.4,4.4,4.0,24.2,5.1,0.565,13.223880597014926,1.507462686567164,1.7611940298507462,0.5223880597014925,0.9701492537313433,7.895522388059701
Joe Chealey,75.0,190.0,1827.0,129.0,397.0,386.0,68.0,244.0,18.0,111.0,0.805,0.347,0.404,15.2,10.2,5.1,25.8,2.4,0.549,14.162790697674419,3.0775193798449614,1.8914728682170543,0.13953488372093023,0.8604651162790697,3.5193798449612403
Kobi Simmons,77.0,175.0,323.0,37.0,73.0,47.0,13.0,46.0,3.0,24.0,0.775,0.327,0.395,2.4,1.3,1.1,22.0,1.8,0.5,8.72972972972973,1.972972972972973,1.2432432432432432,0.08108108108108109,0.6486486486486487,1.6216216216216215
Coby White,77.0,185.0,562.0,35.0,143.0,112.0,12.0,93.0,11.0,38.0,0.8,0.353,0.423,4.1,2.4,1.7,26.8,8.0,0.556,16.057142857142857,4.085714285714285,2.657142857142857,0.3142857142857143,1.0857142857142856,3.542857142857143
Thaddeus Young,80.0,220.0,445.0,31.0,63.0,79.0,72.0,67.0,12.0,39.0,0.743,0.419,0.478,3.3,1.8,1.5,-999.0,-999.0,0.552,14.35483870967742,2.032258064516129,2.161290322580645,0.3870967741935484,1.2580645161290323,4.870967741935484
Zach LaVine,77.0,180.0,349.0,37.0,66.0,76.0,18.0,42.0,6.0,33.0,0.691,0.375,0.441,2.5,1.4,1.2,20.1,2.9,0.545,9.432432432432432,1.7837837837837838,1.135135135135135,0.16216216216216217,0.8918918918918919,2.5405405405405403
Ryan Arcidiacono,75.0,195.0,1604.0,144.0,535.0,289.0,44.0,253.0,4.0,169.0,0.8,0.358,0.397,17.0,10.0,7.0,19.2,5.4,0.554,11.13888888888889,3.7152777777777777,1.7569444444444444,0.027777777777777776,1.1736111111111112,2.3125
Kris Dunn,75.0,205.0,1214.0,95.0,552.0,380.0,106.0,315.0,38.0,208.0,0.693,0.354,0.45,10.8,5.0,5.8,24.6,8.2,0.531,12.778947368421052,5.810526315789474,3.3157894736842106,0.4,2.1894736842105265,5.11578947368421
Lauri Markkanen,84.0,230.0,576.0,37.0,32.0,178.0,88.0,40.0,19.0,15.0,0.835,0.423,0.492,6.7,4.8,1.8,22.5,9.4,0.635,15.567567567567568,0.8648648648648649,1.0810810810810811,0.5135135135135135,0.40540540540540543,7.1891891891891895
Wendell Carter Jr.,81.0,-999.0,122.0,48.0,9.0,-999.0,-999.0,-999.0,18.0,19.0,0.364,,0.505,1.2,0.2,1.0,-999.0,-999.0,0.492,2.5416666666666665,0.1875,-20.8125,0.375,0.3958333333333333,-41.625
Shaquille Harrison,76.0,182.0,1481.0,133.0,461.0,482.0,123.0,306.0,49.0,244.0,0.645,0.216,0.444,12.7,4.8,7.9,22.7,4.0,0.505,11.135338345864662,3.4661654135338344,2.300751879699248,0.3684210526315789,1.8345864661654134,4.548872180451128
Denzel Valentine,77.0,220.0,1645.0,144.0,639.0,698.0,157.0,317.0,40.0,132.0,0.779,0.408,0.442,18.8,10.9,7.9,22.0,9.2,0.569,11.42361111111111,4.4375,2.201388888888889,0.2777777777777778,0.9166666666666666,5.9375
Luke Kornet,84.0,235.0,1135.0,128.0,143.0,455.0,154.0,138.0,210.0,49.0,0.779,0.32,0.417,10.7,5.3,5.4,20.5,6.8,0.54,8.8671875,1.1171875,1.078125,1.640625,0.3828125,4.7578125
Chandler Hutchison,79.0,190.0,1478.0,123.0,255.0,534.0,138.0,236.0,29.0,120.0,0.687,0.353,0.476,12.3,6.5,5.8,26.9,5.1,0.551,12.016260162601625,2.073170731707317,1.91869918699187,0.23577235772357724,0.975609756097561,5.463414634146342
Otto Porter,80.0,205.0,822.0,64.0,135.0,336.0,121.0,85.0,55.0,94.0,0.751,0.355,0.498,12.0,6.8,5.3,20.9,11.2,0.585,12.84375,2.109375,1.328125,0.859375,1.46875,7.140625
Max Strus,78.0,215.0,1226.0,66.0,162.0,295.0,87.0,152.0,33.0,73.0,0.825,0.35,0.42,8.2,5.9,2.4,24.7,5.0,0.562,18.575757575757574,2.4545454545454546,2.303030303030303,0.5,1.106060606060606,5.787878787878788
Collin Sexton,75.0,190.0,632.0,33.0,119.0,90.0,34.0,92.0,3.0,28.0,0.778,0.336,0.447,4.4,3.2,1.2,32.9,6.9,0.567,19.151515151515152,3.606060606060606,2.787878787878788,0.09090909090909091,0.8484848484848485,3.7575757575757573
Darius Garland,74.0,175.0,81.0,5.0,13.0,17.0,2.0,15.0,2.0,4.0,0.75,0.478,0.537,0.5,0.4,0.1,27.9,4.9,0.657,16.2,2.6,3.0,0.4,0.8,3.8
Tristan Thompson,77.0,193.0,1629.0,128.0,170.0,275.0,81.0,212.0,8.0,74.0,0.816,0.396,0.439,13.0,10.0,3.0,23.8,3.3,0.6,12.7265625,1.328125,1.65625,0.0625,0.578125,2.78125
Matthew Dellavedova,76.0,190.0,1933.0,136.0,768.0,356.0,113.0,342.0,7.0,150.0,0.86,0.378,0.415,22.2,16.6,5.6,21.2,5.6,0.575,14.213235294117647,5.647058823529412,2.514705882352941,0.051470588235294115,1.1029411764705883,3.448529411764706
Kevin Love,82.0,260.0,681.0,39.0,75.0,273.0,142.0,78.0,56.0,27.0,0.767,0.354,0.559,11.3,5.6,5.7,27.0,-999.0,0.644,17.46153846153846,1.9230769230769231,2.0,1.435897435897436,0.6923076923076923,10.64102564102564
Larry Nance Jr.,82.0,205.0,1341.0,117.0,177.0,-999.0,-999.0,225.0,108.0,106.0,0.628,-999.0,0.533,-999.0,-999.0,-999.0,-999.0,-999.0,0.552,11.461538461538462,1.5128205128205128,1.9230769230769231,0.9230769230769231,0.905982905982906,-17.076923076923077
Kevin Porter Jr.,72.0,170.0,1766.0,77.0,-999.0,-999.0,-999.0,-999.0,-999.0,-999.0,0.744,-999.0,0.456,-999.0,-999.0,-999.0,-999.0,-999.0,0.499,22.935064935064936,-12.974025974025974,-12.974025974025974,-12.974025974025974,-12.974025974025974,-25.948051948051948
Alfonzo McKinnie,80.0,215.0,689.0,96.0,23.0,313.0,182.0,121.0,50.0,47.0,0.622,,0.506,5.8,2.7,3.1,21.9,-2.8,0.549,7.177083333333333,0.23958333333333334,1.2604166666666667,0.5208333333333334,0.4895833333333333,5.15625
Dean Wade,82.0,228.0,1510.0,126.0,260.0,464.0,220.0,148.0,79.0,118.0,0.711,0.386,0.498,16.6,10.4,6.2,20.4,8.4,0.585,11.984126984126984,2.0634920634920637,1.1746031746031746,0.626984126984127,0.9365079365079365,5.428571428571429
Andre Drummond,82.0,270.0,340.0,34.0,15.0,143.0,114.0,52.0,92.0,28.0,0.295,0.0,0.538,2.9,1.4,1.5,20.9,4.9,0.509,10.0,0.4411764705882353,1.5294117647058822,2.7058823529411766,0.8235294117647058,7.5588235294117645
Jordan Bell,79.0,190.0,814.0,105.0,155.0,495.0,224.0,162.0,234.0,111.0,0.63,,0.61,11.4,5.3,6.1,15.9,8.7,0.619,7.752380952380952,1.4761904761904763,1.542857142857143,2.2285714285714286,1.0571428571428572,6.847619047619048
Delon Wright,77.0,178.0,1022.0,68.0,352.0,321.0,76.0,152.0,77.0,155.0,0.814,0.299,0.535,15.8,9.5,6.3,22.1,13.9,0.629,15.029411764705882,5.176470588235294,2.235294117647059,1.1323529411764706,2.2794117647058822,5.838235294117647
Dorian Finney-Smith,80.0,218.0,1429.0,134.0,256.0,606.0,347.0,240.0,92.0,105.0,0.657,0.362,0.411,14.6,6.9,7.7,21.9,6.8,0.52,10.664179104477611,1.9104477611940298,1.791044776119403,0.6865671641791045,0.7835820895522388,7.111940298507463
Tim Hardaway Jr.,72.0,175.0,1586.0,124.0,563.0,-999.0,-999.0,249.0,25.0,262.0,0.718,,0.486,-999.0,-999.0,-999.0,-999.0,-999.0,0.56,12.790322580645162,4.540322580645161,2.0080645161290325,0.20161290322580644,2.1129032258064515,-16.112903225806452
Seth Curry,74.0,185.0,2101.0,141.0,290.0,314.0,84.0,225.0,27.0,173.0,0.827,0.394,0.431,17.9,12.7,5.3,23.8,8.6,0.578,14.900709219858156,2.0567375886524824,1.5957446808510638,0.19148936170212766,1.2269503546099292,2.8226950354609928
Justin Jackson,71.0,173.0,0.0,6.0,0.0,1.0,2.0,0.0,0.0,0.0,,-999.0,,-0.1,-0.1,0.0,17.5,-999.0,,0.0,0.0,0.0,0.0,0.0,0.5
Jalen Brunson,75.0,199.0,1667.0,116.0,432.0,238.0,47.0,217.0,1.0,97.0,0.82,0.393,0.51,17.3,12.4,4.8,24.0,8.0,0.628,14.370689655172415,3.7241379310344827,1.8706896551724137,0.008620689655172414,0.8362068965517241,2.456896551724138
Dwight Powell,82.0,240.0,1465.0,136.0,240.0,628.0,225.0,283.0,118.0,125.0,0.722,0.289,0.464,13.0,6.1,6.9,23.8,5.0,0.533,10.772058823529411,1.7647058823529411,2.0808823529411766,0.8676470588235294,0.9191176470588235,6.272058823529411
Courtney Lee,77.0,200.0,2238.0,127.0,281.0,448.0,215.0,321.0,78.0,242.0,0.817,0.401,0.464,18.7,11.1,7.5,25.4,-999.0,0.572,17.62204724409449,2.2125984251968505,2.52755905511811,0.6141732283464567,1.905511811023622,5.2204724409448815
Willie Cauley-Stein,84.0,240.0,843.0,105.0,90.0,405.0,250.0,127.0,233.0,115.0,0.508,-999.0,0.593,12.8,5.7,7.1,16.9,10.7,0.582,8.028571428571428,0.8571428571428571,1.2095238095238094,2.219047619047619,1.0952380952380953,6.238095238095238
Michael Kidd-Gilchrist,79.0,232.0,476.0,40.0,75.0,194.0,103.0,87.0,37.0,39.0,0.745,0.255,0.491,6.0,3.4,2.6,20.6,7.7,0.57,11.9,1.875,2.175,0.925,0.975,7.425
Antonius Cleveland,78.0,175.0,1556.0,121.0,242.0,402.0,170.0,225.0,76.0,159.0,0.612,0.288,0.494,9.9,6.1,3.8,23.6,0.3,0.542,12.859504132231406,2.0,1.859504132231405,0.628099173553719,1.3140495867768596,4.7272727272727275
Trey Burke,72.0,190.0,1231.0,73.0,416.0,199.0,43.0,180.0,33.0,93.0,0.777,0.367,0.45,12.9,9.7,3.2,27.4,10.1,0.556,16.863013698630137,5.698630136986301,2.4657534246575343,0.4520547945205479,1.273972602739726,3.315068493150685
Monte Morris,74.0,170.0,1708.0,140.0,768.0,408.0,108.0,165.0,41.0,225.0,0.78,0.381,0.476,20.8,14.7,6.1,17.7,8.6,0.566,12.2,5.485714285714286,1.1785714285714286,0.29285714285714287,1.6071428571428572,3.6857142857142855
Jerami Grant,80.0,210.0,541.0,72.0,62.0,211.0,124.0,63.0,36.0,43.0,0.641,0.3,0.486,6.6,3.6,3.0,19.1,5.6,0.536,7.513888888888889,0.8611111111111112,0.875,0.5,0.5972222222222222,4.652777777777778
Will Barton,78.0,175.0,1062.0,70.0,201.0,333.0,119.0,164.0,42.0,104.0,0.733,0.299,0.471,10.1,5.9,4.2,24.9,6.8,0.549,15.17142857142857,2.8714285714285714,2.342857142857143,0.6,1.4857142857142858,6.457142857142857
Gary Harris,76.0,210.0,1025.0,69.0,140.0,159.0,67.0,111.0,21.0,108.0,0.788,0.376,0.44,9.8,6.2,3.6,24.6,9.6,0.571,14.855072463768115,2.028985507246377,1.608695652173913,0.30434782608695654,1.565217391304348,3.2753623188405796
Jamal Murray,77.0,207.0,720.0,36.0,79.0,133.0,53.0,84.0,11.0,35.0,0.783,0.408,0.454,6.1,4.4,1.8,27.1,9.5,0.59,20.0,2.1944444444444446,2.3333333333333335,0.3055555555555556,0.9722222222222222,5.166666666666667
Mason Plumlee,82.0,235.0,1384.0,141.0,212.0,755.0,333.0,282.0,199.0,115.0,0.583,,0.574,16.6,8.3,8.2,20.2,8.4,0.584,9.815602836879433,1.50354609929078,2.0,1.4113475177304964,0.8156028368794326,7.716312056737589
Torrey Craig,78.0,215.0,2128.0,131.0,236.0,667.0,277.0,347.0,101.0,138.0,0.671,0.33,0.413,13.5,7.5,6.0,29.5,2.3,0.52,16.244274809160306,1.8015267175572518,2.648854961832061,0.7709923664122137,1.0534351145038168,7.206106870229007
Michael Porter Jr.,75.0,198.0,243.0,90.0,143.0,94.0,21.0,141.0,10.0,56.0,0.794,0.351,0.348,1.7,0.4,1.3,13.2,-999.0,0.488,2.7,1.5888888888888888,1.5666666666666667,0.1111111111111111,0.6222222222222222,1.277777777777778
Paul Millsap,80.0,245.0,1708.0,92.0,87.0,668.0,504.0,224.0,183.0,121.0,0.62,0.375,0.577,24.6,10.9,13.7,23.7,-999.0,0.594,18.565217391304348,0.9456521739130435,2.4347826086956523,1.9891304347826086,1.315217391304348,12.73913043478261
PJ Dozier,79.0,185.0,730.0,70.0,171.0,208.0,66.0,168.0,23.0,94.0,0.579,0.277,0.398,4.0,0.1,3.9,27.7,3.3,0.455,10.428571428571429,2.442857142857143,2.4,0.32857142857142857,1.3428571428571427,3.9142857142857146
Noah Vonleh,82.0,240.0,338.0,30.0,18.0,198.0,71.0,64.0,41.0,26.0,0.716,0.485,0.523,3.6,1.6,2.0,21.4,6.6,0.604,11.266666666666667,0.6,2.1333333333333333,1.3666666666666667,0.8666666666666667,8.966666666666667
Keita Bates-Diop,79.0,190.0,1272.0,109.0,121.0,497.0,124.0,134.0,128.0,68.0,0.776,0.352,0.472,12.0,6.6,5.4,23.8,8.2,0.567,11.669724770642201,1.110091743119266,1.2293577981651376,1.1743119266055047,0.6238532110091743,5.697247706422019
Troy Daniels,76.0,200.0,913.0,125.0,48.0,205.0,63.0,73.0,7.0,81.0,0.782,0.386,0.389,8.7,5.3,3.4,20.9,5.5,0.567,7.304,0.384,0.584,0.056,0.648,2.144
Langston Galloway,74.0,202.0,1991.0,133.0,296.0,467.0,130.0,156.0,66.0,171.0,0.821,0.426,0.438,18.9,14.2,4.7,21.0,6.0,0.588,14.969924812030076,2.225563909774436,1.1729323308270676,0.49624060150375937,1.2857142857142858,4.488721804511278
Christian Wood,83.0,220.0,654.0,63.0,53.0,306.0,120.0,95.0,119.0,21.0,0.747,0.261,0.477,6.4,3.2,3.2,24.7,4.6,0.557,10.380952380952381,0.8412698412698413,1.507936507936508,1.8888888888888888,0.3333333333333333,6.761904761904761
Tony Snell,79.0,200.0,952.0,104.0,213.0,210.0,41.0,154.0,36.0,53.0,0.821,0.38,0.421,8.9,5.1,3.8,20.1,5.6,0.571,9.153846153846153,2.048076923076923,1.4807692307692308,0.34615384615384615,0.5096153846153846,2.4134615384615383
Bruce Brown,83.0,280.0,1024.0,114.0,44.0,366.0,201.0,206.0,139.0,20.0,0.47,-999.0,0.602,13.8,6.1,7.7,23.6,-999.0,0.581,8.982456140350877,0.38596491228070173,1.8070175438596492,1.219298245614035,0.17543859649122806,4.973684210526316
Sviatoslav Mykhailiuk,80.0,195.0,1181.0,136.0,202.0,247.0,93.0,146.0,27.0,97.0,0.746,0.409,0.428,9.6,5.8,3.8,19.3,5.7,0.563,8.683823529411764,1.4852941176470589,1.0735294117647058,0.19852941176470587,0.7132352941176471,2.5
Derrick Rose,75.0,190.0,597.0,40.0,189.0,127.0,54.0,107.0,15.0,48.0,0.712,0.337,0.477,6.6,2.8,3.8,26.0,-999.0,0.56,14.925,4.725,2.675,0.375,1.2,4.525
Luke Kennard,77.0,180.0,1147.0,73.0,146.0,239.0,78.0,87.0,19.0,65.0,0.867,0.383,0.461,10.9,8.4,2.5,22.9,8.4,0.6,15.712328767123287,2.0,1.1917808219178083,0.2602739726027397,0.8904109589041096,4.342465753424658
Blake Griffin,82.0,251.0,1278.0,68.0,141.0,562.0,243.0,192.0,69.0,72.0,0.589,0.3,0.618,15.2,8.9,6.3,29.5,-999.0,0.62,18.794117647058822,2.073529411764706,2.823529411764706,1.0147058823529411,1.0588235294117647,11.838235294117649
John Henson,83.0,220.0,1124.0,109.0,108.0,617.0,269.0,166.0,277.0,69.0,0.484,,0.497,10.7,4.1,6.7,22.7,8.6,0.501,10.311926605504587,0.9908256880733946,1.5229357798165137,2.541284403669725,0.6330275229357798,8.128440366972477
Louis King,81.0,205.0,417.0,31.0,40.0,130.0,41.0,64.0,7.0,27.0,0.785,0.386,0.435,3.3,1.5,1.8,25.0,4.6,0.552,13.451612903225806,1.2903225806451613,2.064516129032258,0.22580645161290322,0.8709677419354839,5.516129032258064
Brandon Knight,75.0,185.0,657.0,38.0,159.0,128.0,25.0,120.0,8.0,25.0,0.795,0.377,0.423,5.3,3.6,1.8,27.0,5.5,0.553,17.289473684210527,4.184210526315789,3.1578947368421053,0.21052631578947367,0.6578947368421053,4.026315789473684
Khyri Thomas,75.0,200.0,1140.0,102.0,255.0,355.0,116.0,165.0,26.0,141.0,0.719,0.406,0.511,11.1,6.5,4.7,19.6,7.8,0.607,11.176470588235293,2.5,1.6176470588235294,0.2549019607843137,1.3823529411764706,4.617647058823529
Jordan McRae,77.0,200.0,1521.0,114.0,209.0,296.0,75.0,225.0,97.0,73.0,0.769,0.343,0.417,12.0,7.6,4.4,27.8,6.6,0.541,13.342105263157896,1.8333333333333333,1.9736842105263157,0.8508771929824561,0.6403508771929824,3.254385964912281
Justin Patton,83.0,215.0,453.0,35.0,41.0,159.0,59.0,60.0,50.0,30.0,0.517,0.533,0.676,4.3,2.5,1.8,22.0,8.4,0.671,12.942857142857143,1.1714285714285715,1.7142857142857142,1.4285714285714286,0.8571428571428571,6.228571428571429
Eric Paschall,80.0,255.0,1687.0,137.0,209.0,494.0,210.0,265.0,71.0,101.0,0.765,0.331,0.468,14.2,8.7,5.4,22.3,4.3,0.574,12.313868613138686,1.5255474452554745,1.9343065693430657,0.5182481751824818,0.7372262773722628,5.138686131386861
Marquese Chriss,81.0,225.0,467.0,34.0,26.0,98.0,85.0,69.0,55.0,32.0,0.682,0.35,0.53,3.1,1.9,1.2,24.1,4.9,0.585,13.735294117647058,0.7647058823529411,2.0294117647058822,1.6176470588235294,0.9411764705882353,5.382352941176471
Jordan Poole,77.0,195.0,705.0,75.0,102.0,152.0,11.0,82.0,14.0,60.0,0.831,0.37,0.434,6.9,3.1,3.7,22.2,7.2,0.576,9.4,1.36,1.0933333333333333,0.18666666666666668,0.8,2.1733333333333333
Damion Lee,78.0,200.0,2016.0,125.0,244.0,486.0,112.0,217.0,26.0,142.0,0.843,0.362,0.433,20.2,13.5,6.6,26.0,7.4,0.578,16.128,1.952,1.736,0.208,1.136,4.784
Ky Bowman,73.0,188.0,1661.0,98.0,382.0,547.0,80.0,295.0,34.0,131.0,0.762,0.388,0.433,10.3,6.2,4.2,25.9,4.9,0.55,16.948979591836736,3.8979591836734695,3.010204081632653,0.3469387755102041,1.336734693877551,6.3979591836734695
Draymond Green,79.0,230.0,1517.0,145.0,425.0,813.0,283.0,277.0,116.0,180.0,0.687,0.361,0.467,19.2,9.6,9.6,23.7,12.0,0.543,10.462068965517242,2.9310344827586206,1.910344827586207,0.8,1.2413793103448276,7.558620689655172
Kevon Looney,81.0,220.0,416.0,36.0,51.0,209.0,122.0,45.0,32.0,46.0,0.626,0.415,0.47,4.8,2.8,2.0,19.7,7.0,0.532,11.555555555555555,1.4166666666666667,1.25,0.8888888888888888,1.2777777777777777,9.194444444444445
Andrew Wiggins,80.0,200.0,597.0,35.0,54.0,129.0,76.0,80.0,34.0,41.0,0.775,0.341,0.448,4.9,3.2,1.7,26.3,8.3,0.563,17.057142857142857,1.542857142857143,2.2857142857142856,0.9714285714285714,1.1714285714285715,5.857142857142857
Mychal Mulder,76.0,185.0,163.0,56.0,20.0,50.0,25.0,13.0,6.0,9.0,0.933,0.343,0.376,1.5,0.8,0.7,18.4,6.5,0.522,2.9107142857142856,0.35714285714285715,0.23214285714285715,0.10714285714285714,0.16071428571428573,1.3392857142857144
Stephen Curry,75.0,185.0,2635.0,104.0,388.0,392.0,81.0,314.0,28.0,221.0,0.876,0.412,0.467,27.3,18.0,9.3,38.3,-999.0,0.62,25.33653846153846,3.730769230769231,3.019230769230769,0.2692307692307692,2.125,4.548076923076923
Chasson Randle,74.0,185.0,2375.0,144.0,354.0,396.0,75.0,324.0,11.0,167.0,0.806,0.386,0.428,18.9,12.7,6.2,25.9,6.1,0.566,16.493055555555557,2.4583333333333335,2.25,0.0763888888888889,1.1597222222222223,3.2708333333333335
Klay Thompson,78.0,200.0,1756.0,98.0,259.0,386.0,89.0,289.0,74.0,130.0,0.827,0.39,0.424,13.4,7.9,5.5,31.9,9.8,0.55,17.918367346938776,2.642857142857143,2.9489795918367347,0.7551020408163265,1.3265306122448979,4.846938775510204
P.J. Tucker,77.0,225.0,1169.0,87.0,170.0,447.0,267.0,191.0,23.0,116.0,0.711,,0.526,13.7,6.1,7.6,23.7,-999.0,0.57,13.436781609195402,1.9540229885057472,2.1954022988505746,0.26436781609195403,1.3333333333333333,8.206896551724139
Ben McLemore,77.0,195.0,589.0,37.0,73.0,145.0,47.0,77.0,25.0,37.0,0.87,0.42,0.495,6.5,4.2,2.3,23.2,10.5,0.633,15.91891891891892,1.972972972972973,2.081081081081081,0.6756756756756757,1.0,5.1891891891891895
James Harden,77.0,218.0,1309.0,69.0,258.0,282.0,92.0,207.0,30.0,132.0,0.755,0.376,0.506,13.8,10.0,3.8,30.5,-999.0,0.618,18.971014492753625,3.739130434782609,3.0,0.43478260869565216,1.9130434782608696,5.420289855072464
Austin Rivers,76.0,200.0,527.0,34.0,71.0,94.0,21.0,79.0,1.0,33.0,0.658,0.365,0.433,3.5,2.4,1.0,25.2,4.0,0.538,15.5,2.088235294117647,2.323529411764706,0.029411764705882353,0.9705882352941176,3.3823529411764706
Danuel House,79.0,195.0,1683.0,119.0,238.0,410.0,150.0,228.0,53.0,85.0,0.699,0.338,0.416,11.9,7.4,4.5,25.3,4.3,0.533,14.142857142857142,2.0,1.915966386554622,0.44537815126050423,0.7142857142857143,4.705882352941177
Russell Westbrook,75.0,187.0,619.0,75.0,191.0,112.0,69.0,121.0,8.0,77.0,0.685,0.354,0.464,6.2,2.3,3.9,21.8,-999.0,0.532,8.253333333333334,2.546666666666667,1.6133333333333333,0.10666666666666667,1.0266666666666666,2.4133333333333336
Eric Gordon,75.0,222.0,669.0,32.0,78.0,81.0,23.0,115.0,20.0,42.0,0.834,0.337,0.433,6.0,4.2,1.8,30.8,-999.0,0.601,20.90625,2.4375,3.59375,0.625,1.3125,3.25
Chris Clemons,78.0,-999.0,82.0,71.0,22.0,-999.0,-999.0,-999.0,9.0,20.0,0.24,,0.376,-0.7,-0.6,-0.1,-999.0,-999.0,0.363,1.1549295774647887,0.30985915492957744,-14.070422535211268,0.1267605633802817,0.28169014084507044,-28.140845070422536
Robert Covington,81.0,215.0,1748.0,118.0,145.0,570.0,306.0,275.0,150.0,181.0,0.802,0.422,0.476,15.7,9.8,5.9,25.5,5.5,0.583,14.813559322033898,1.228813559322034,2.330508474576271,1.271186440677966,1.5338983050847457,7.423728813559322
Jeff Green,81.0,235.0,1339.0,102.0,318.0,447.0,217.0,257.0,127.0,92.0,0.7,0.359,0.488,14.7,7.5,7.2,24.1,-999.0,0.565,13.127450980392156,3.1176470588235294,2.519607843137255,1.2450980392156863,0.9019607843137255,6.509803921568627
Michael Frazier,76.0,194.0,998.0,101.0,114.0,296.0,61.0,122.0,10.0,94.0,0.854,0.432,0.443,12.3,6.6,5.7,19.1,9.4,0.629,9.881188118811881,1.1287128712871286,1.2079207920792079,0.09900990099009901,0.9306930693069307,3.5346534653465347
DeMarre Carroll,80.0,225.0,1506.0,134.0,210.0,488.0,318.0,177.0,59.0,152.0,0.603,0.281,0.535,14.9,7.0,7.9,22.1,-999.0,0.562,11.238805970149254,1.5671641791044777,1.3208955223880596,0.44029850746268656,1.1343283582089552,6.014925373134329
David Nwaba,76.0,200.0,1047.0,88.0,180.0,302.0,164.0,141.0,49.0,96.0,0.65,,0.473,8.2,5.1,3.1,26.9,4.1,0.521,11.897727272727273,2.0454545454545454,1.6022727272727273,0.5568181818181818,1.0909090909090908,5.295454545454545
Justin Holiday,78.0,180.0,654.0,123.0,188.0,288.0,160.0,128.0,62.0,94.0,0.736,0.343,0.443,8.2,3.6,4.7,16.4,8.2,0.52,5.317073170731708,1.5284552845528456,1.0406504065040652,0.5040650406504065,0.7642276422764228,3.6422764227642275
T.J. McConnell,73.0,195.0,1414.0,139.0,751.0,444.0,94.0,281.0,24.0,324.0,0.749,0.38,0.49,20.2,10.3,9.9,17.4,8.7,0.573,10.172661870503598,5.402877697841727,2.0215827338129495,0.17266187050359713,2.3309352517985613,3.870503597122302
Domantas Sabonis,82.0,231.0,1002.0,74.0,97.0,502.0,192.0,151.0,43.0,39.0,0.729,,0.632,12.3,7.5,4.8,23.9,7.1,0.662,13.54054054054054,1.3108108108108107,2.0405405405405403,0.581081081081081,0.527027027027027,9.378378378378379
Doug McDermott,80.0,225.0,3150.0,145.0,194.0,807.0,281.0,321.0,14.0,34.0,0.831,0.458,0.55,26.8,21.6,5.2,32.3,8.4,0.652,21.724137931034484,1.3379310344827586,2.213793103448276,0.09655172413793103,0.23448275862068965,7.503448275862069
T.J. Warren,80.0,233.0,1296.0,70.0,68.0,209.0,187.0,117.0,36.0,105.0,0.654,0.315,0.555,10.6,8.1,2.5,28.6,9.6,0.593,18.514285714285716,0.9714285714285714,1.6714285714285715,0.5142857142857142,1.5,5.657142857142857
Aaron Holiday,73.0,185.0,1443.0,101.0,477.0,272.0,48.0,304.0,22.0,126.0,0.795,0.422,0.45,9.8,6.7,3.2,23.3,4.2,0.58,14.287128712871286,4.7227722772277225,3.00990099009901,0.21782178217821782,1.2475247524752475,3.1683168316831685
Myles Turner,83.0,240.0,345.0,34.0,20.0,178.0,44.0,47.0,89.0,10.0,0.839,0.274,0.455,4.0,1.9,2.1,25.1,9.3,0.556,10.147058823529411,0.5882352941176471,1.3823529411764706,2.6176470588235294,0.29411764705882354,6.529411764705882
Malcolm Brogdon,77.0,217.0,1809.0,136.0,335.0,481.0,82.0,207.0,31.0,117.0,0.876,0.365,0.43,20.3,11.3,9.0,25.3,8.6,0.556,13.301470588235293,2.463235294117647,1.5220588235294117,0.22794117647058823,0.8602941176470589,4.139705882352941
Jeremy Lamb,77.0,180.0,1060.0,75.0,124.0,267.0,82.0,120.0,46.0,77.0,0.806,0.348,0.482,9.9,6.9,2.9,22.2,8.1,0.58,14.133333333333333,1.6533333333333333,1.6,0.6133333333333333,1.0266666666666666,4.653333333333333
JaKarr Sampson,81.0,214.0,915.0,66.0,74.0,280.0,140.0,118.0,68.0,57.0,0.607,0.077,0.469,5.6,2.4,3.2,26.7,3.0,0.491,13.863636363636363,1.121212121212121,1.7878787878787878,1.0303030303030303,0.8636363636363636,6.363636363636363
Edmond Sumner,77.0,170.0,663.0,58.0,223.0,172.0,30.0,128.0,22.0,68.0,0.73,0.285,0.429,5.5,3.1,2.4,23.5,6.8,0.536,11.431034482758621,3.8448275862068964,2.206896551724138,0.3793103448275862,1.1724137931034482,3.4827586206896552
T.J. Leaf,82.0,225.0,569.0,35.0,85.0,209.0,78.0,52.0,39.0,22.0,0.679,0.466,0.617,5.8,4.2,1.6,22.0,8.6,0.66,16.257142857142856,2.4285714285714284,1.4857142857142858,1.1142857142857143,0.6285714285714286,8.2
Victor Oladipo,77.0,214.0,1117.0,104.0,175.0,330.0,207.0,203.0,56.0,161.0,0.716,0.338,0.538,12.7,7.8,4.9,22.7,9.9,0.604,10.740384615384615,1.6826923076923077,1.9519230769230769,0.5384615384615384,1.5480769230769231,5.163461538461538
Alize Johnson,81.0,201.0,982.0,66.0,157.0,521.0,214.0,150.0,20.0,35.0,0.716,0.325,0.457,9.3,5.8,3.5,26.4,5.5,0.551,14.878787878787879,2.378787878787879,2.272727272727273,0.30303030303030304,0.5303030303030303,11.136363636363637
Montrezl Harrell,80.0,235.0,1294.0,112.0,102.0,483.0,294.0,145.0,118.0,91.0,0.533,,0.586,16.0,8.4,7.7,21.0,8.7,0.586,11.553571428571429,0.9107142857142857,1.2946428571428572,1.0535714285714286,0.8125,6.9375
Lou Williams,75.0,-999.0,21.0,5.0,5.0,-999.0,-999.0,-999.0,0.0,1.0,0.643,0.0,0.353,-999.0,-999.0,-999.0,-999.0,-999.0,0.444,4.2,1.0,-199.8,0.0,0.2,-399.6
JaMychal Green,80.0,240.0,1656.0,123.0,152.0,547.0,365.0,312.0,212.0,125.0,0.711,0.176,0.519,16.9,8.3,8.6,27.4,8.9,0.564,13.463414634146341,1.2357723577235773,2.5365853658536586,1.7235772357723578,1.016260162601626,7.414634146341463
Kawhi Leonard,79.0,225.0,990.0,70.0,156.0,486.0,230.0,153.0,45.0,98.0,0.744,0.25,0.449,11.8,6.1,5.7,26.0,9.2,0.513,14.142857142857142,2.2285714285714286,2.1857142857142855,0.6428571428571429,1.4,10.228571428571428
Patrick Patterson,81.0,235.0,1564.0,97.0,146.0,512.0,279.0,159.0,152.0,69.0,0.734,0.329,0.585,17.7,12.0,5.7,21.3,-999.0,0.625,16.123711340206185,1.5051546391752577,1.6391752577319587,1.5670103092783505,0.711340206185567,8.154639175257731
Rodney McGruder,76.0,205.0,1576.0,135.0,186.0,400.0,254.0,171.0,36.0,116.0,0.759,0.381,0.452,16.5,10.8,5.7,21.3,7.8,0.557,11.674074074074074,1.3777777777777778,1.2666666666666666,0.26666666666666666,0.8592592592592593,4.844444444444444
Patrick Beverley,73.0,180.0,907.0,70.0,194.0,306.0,81.0,139.0,30.0,105.0,0.73,0.382,0.42,8.2,4.3,3.9,19.7,-999.0,0.56,12.957142857142857,2.7714285714285714,1.9857142857142858,0.42857142857142855,1.5,5.5285714285714285
Landry Shamet,76.0,179.0,914.0,71.0,288.0,174.0,39.0,108.0,14.0,54.0,0.811,0.437,0.48,10.8,7.5,3.3,19.8,8.9,0.641,12.873239436619718,4.056338028169014,1.5211267605633803,0.19718309859154928,0.7605633802816901,3.0
Paul George,79.0,210.0,974.0,63.0,151.0,304.0,118.0,173.0,58.0,123.0,0.803,0.396,0.447,8.3,5.3,3.0,24.6,-999.0,0.579,15.46031746031746,2.3968253968253967,2.746031746031746,0.9206349206349206,1.9523809523809523,6.698412698412698
Terance Mann,79.0,215.0,1322.0,140.0,269.0,444.0,266.0,191.0,34.0,112.0,0.67,0.327,0.552,14.3,9.1,5.2,17.2,6.5,0.602,9.442857142857143,1.9214285714285715,1.3642857142857143,0.24285714285714285,0.8,5.071428571428571
Johnathan Motley,81.0,230.0,1229.0,102.0,132.0,373.0,279.0,205.0,122.0,44.0,0.654,0.24,0.519,10.4,6.1,4.4,27.0,5.4,0.553,12.049019607843137,1.2941176470588236,2.0098039215686274,1.196078431372549,0.43137254901960786,6.392156862745098
Amir Coffey,80.0,210.0,1255.0,87.0,277.0,266.0,65.0,182.0,18.0,81.0,0.734,0.328,0.448,9.0,5.6,3.4,22.5,4.8,0.55,14.425287356321839,3.1839080459770117,2.0919540229885056,0.20689655172413793,0.9310344827586207,3.8045977011494254
Marcus Morris,81.0,235.0,1371.0,109.0,137.0,415.0,261.0,172.0,48.0,102.0,0.66,0.358,0.555,15.2,9.4,5.8,24.5,10.9,0.601,12.577981651376147,1.2568807339449541,1.5779816513761469,0.44036697247706424,0.9357798165137615,6.201834862385321
Mfiondu Kabengele,82.0,250.0,734.0,71.0,21.0,236.0,142.0,83.0,85.0,36.0,0.724,0.374,0.498,7.0,4.2,2.8,26.9,7.4,0.58,10.338028169014084,0.29577464788732394,1.1690140845070423,1.1971830985915493,0.5070422535211268,5.323943661971831
Reggie Jackson,75.0,208.0,1254.0,99.0,350.0,298.0,135.0,203.0,46.0,83.0,0.753,0.351,0.465,10.8,7.9,2.9,24.8,9.8,0.56,12.666666666666666,3.5353535353535355,2.0505050505050506,0.46464646464646464,0.8383838383838383,4.373737373737374
Joakim Noah,83.0,232.0,1133.0,108.0,185.0,476.0,211.0,193.0,186.0,95.0,0.684,,0.616,17.7,8.7,9.0,24.2,-999.0,0.642,10.49074074074074,1.712962962962963,1.787037037037037,1.7222222222222223,0.8796296296296297,6.361111111111111
Kentavious Caldwell-Pope,77.0,205.0,1013.0,64.0,96.0,310.0,82.0,100.0,28.0,123.0,0.752,0.339,0.415,9.6,5.8,3.8,27.0,9.9,0.543,15.828125,1.5,1.5625,0.4375,1.921875,6.125
Danny Green,77.0,210.0,1368.0,145.0,256.0,386.0,204.0,209.0,154.0,160.0,0.845,0.375,0.455,16.8,6.5,10.4,22.3,-999.0,0.574,9.434482758620689,1.7655172413793103,1.4413793103448276,1.0620689655172413,1.103448275862069,4.068965517241379
JaVale McGee,84.0,237.0,574.0,66.0,23.0,200.0,114.0,105.0,122.0,32.0,0.514,0.356,0.542,5.6,2.4,3.2,25.1,-999.0,0.557,8.696969696969697,0.3484848484848485,1.5909090909090908,1.8484848484848484,0.48484848484848486,4.757575757575758
Alex Caruso,77.0,183.0,1090.0,137.0,649.0,409.0,104.0,346.0,59.0,276.0,0.685,0.34,0.455,13.2,4.6,8.6,18.1,6.6,0.543,7.956204379562044,4.737226277372263,2.5255474452554743,0.4306569343065693,2.0145985401459856,3.7445255474452552
Anthony Davis,74.0,205.0,1645.0,124.0,285.0,366.0,177.0,248.0,42.0,193.0,0.728,0.311,0.42,9.3,4.0,5.3,25.8,-999.0,0.504,13.266129032258064,2.2983870967741935,2.0,0.3387096774193548,1.5564516129032258,4.379032258064516
Kyle Kuzma,81.0,190.0,966.0,96.0,141.0,377.0,155.0,151.0,35.0,31.0,0.633,0.302,0.506,8.2,4.7,3.5,25.9,4.1,0.56,10.0625,1.46875,1.5729166666666667,0.3645833333333333,0.3229166666666667,5.541666666666667
Avery Bradley,74.0,180.0,396.0,34.0,71.0,65.0,33.0,52.0,18.0,44.0,0.545,0.375,0.432,3.2,1.6,1.6,20.4,-999.0,0.496,11.647058823529411,2.088235294117647,1.5294117647058822,0.5294117647058824,1.2941176470588236,2.8823529411764706
Rajon Rondo,73.0,171.0,654.0,68.0,285.0,249.0,57.0,148.0,13.0,156.0,0.577,0.283,0.493,7.8,2.7,5.1,20.1,-999.0,0.536,9.617647058823529,4.1911764705882355,2.176470588235294,0.19117647058823528,2.2941176470588234,4.5
Jared Dudley,79.0,225.0,2071.0,130.0,395.0,565.0,371.0,268.0,37.0,176.0,0.731,0.365,0.504,21.0,12.9,8.1,21.5,-999.0,0.595,15.930769230769231,3.0384615384615383,2.0615384615384613,0.2846153846153846,1.353846153846154,7.199999999999999
Quinn Cook,74.0,185.0,1571.0,143.0,509.0,326.0,53.0,201.0,9.0,151.0,0.853,0.375,0.432,17.2,11.9,5.3,20.2,7.5,0.568,10.986013986013987,3.5594405594405596,1.4055944055944056,0.06293706293706294,1.055944055944056,2.65034965034965
Markieff Morris,82.0,245.0,923.0,109.0,126.0,445.0,217.0,172.0,103.0,60.0,0.653,0.404,0.553,10.9,5.5,5.5,21.8,10.3,0.603,8.46788990825688,1.1559633027522935,1.5779816513761469,0.944954128440367,0.5504587155963303,6.0733944954128445
Dion Waiters,76.0,215.0,690.0,71.0,142.0,108.0,30.0,78.0,16.0,105.0,0.753,0.348,0.453,7.1,4.4,2.7,25.0,8.9,0.551,9.71830985915493,2.0,1.0985915492957747,0.22535211267605634,1.4788732394366197,1.943661971830986
Dillon Brooks,77.0,205.0,1612.0,109.0,279.0,321.0,174.0,234.0,51.0,96.0,0.794,0.362,0.472,13.1,8.8,4.3,26.4,6.0,0.565,14.788990825688073,2.5596330275229358,2.146788990825688,0.46788990825688076,0.8807339449541285,4.541284403669724
Tyus Jones,73.0,190.0,461.0,39.0,217.0,118.0,19.0,76.0,3.0,59.0,0.889,0.379,0.417,6.5,4.4,2.1,18.7,9.3,0.575,11.820512820512821,5.564102564102564,1.9487179487179487,0.07692307692307693,1.5128205128205128,3.5128205128205128
Jaren Jackson Jr.,76.0,190.0,974.0,130.0,153.0,-999.0,-999.0,165.0,25.0,128.0,0.709,,0.444,-999.0,-999.0,-999.0,-999.0,-999.0,0.518,7.492307692307692,1.176923076923077,1.2692307692307692,0.19230769230769232,0.9846153846153847,-15.36923076923077
De'Anthony Melton,76.0,190.0,300.0,36.0,125.0,120.0,50.0,64.0,37.0,69.0,0.706,0.284,0.437,3.2,1.7,1.5,17.7,7.2,0.53,8.333333333333334,3.4722222222222223,1.7777777777777777,1.0277777777777777,1.9166666666666667,4.722222222222222
Brandon Clarke,80.0,215.0,1419.0,98.0,185.0,484.0,268.0,144.0,232.0,100.0,0.618,0.25,0.639,16.4,10.4,6.0,22.4,10.4,0.643,14.479591836734693,1.8877551020408163,1.469387755102041,2.36734693877551,1.0204081632653061,7.673469387755102
Grayson Allen,76.0,195.0,1996.0,142.0,432.0,374.0,76.0,240.0,14.0,147.0,0.834,0.38,0.43,18.8,13.9,4.9,24.1,8.1,0.591,14.056338028169014,3.0422535211267605,1.6901408450704225,0.09859154929577464,1.0352112676056338,3.169014084507042
Josh Jackson,80.0,265.0,987.0,114.0,67.0,316.0,211.0,209.0,41.0,42.0,0.615,,0.517,7.9,3.6,4.3,26.4,-999.0,0.534,8.657894736842104,0.5877192982456141,1.8333333333333333,0.35964912280701755,0.3684210526315789,4.62280701754386
Yuta Watanabe,80.0,193.0,1460.0,134.0,197.0,462.0,147.0,170.0,147.0,93.0,0.788,0.337,0.425,12.2,7.2,5.1,19.8,3.1,0.533,10.895522388059701,1.4701492537313432,1.2686567164179106,1.0970149253731343,0.6940298507462687,4.544776119402985
John Konchar,77.0,210.0,2065.0,133.0,553.0,840.0,309.0,247.0,78.0,272.0,0.697,0.416,0.556,24.4,17.5,6.9,19.2,6.9,0.643,15.526315789473685,4.157894736842105,1.8571428571428572,0.5864661654135338,2.045112781954887,8.639097744360903
Gorgui Dieng,83.0,245.0,851.0,102.0,127.0,497.0,304.0,166.0,267.0,104.0,0.64,,0.545,13.2,5.4,7.8,16.4,9.2,0.568,8.343137254901961,1.2450980392156863,1.6274509803921569,2.6176470588235294,1.0196078431372548,7.852941176470588
Anthony Tolliver,80.0,240.0,1004.0,124.0,135.0,385.0,218.0,168.0,136.0,77.0,0.671,0.333,0.491,13.6,4.6,9.0,20.4,-999.0,0.548,8.096774193548388,1.0887096774193548,1.3548387096774193,1.096774193548387,0.6209677419354839,4.862903225806452
Justise Winslow,78.0,225.0,492.0,39.0,82.0,203.0,49.0,71.0,34.0,52.0,0.641,0.418,0.486,5.5,3.1,2.5,22.9,10.0,0.572,12.615384615384615,2.1025641025641026,1.8205128205128205,0.8717948717948718,1.3333333333333333,6.461538461538462
Duncan Robinson,80.0,190.0,1072.0,115.0,142.0,240.0,52.0,80.0,33.0,65.0,0.864,0.419,0.455,11.1,7.3,3.8,17.8,6.6,0.629,9.321739130434782,1.2347826086956522,0.6956521739130435,0.28695652173913044,0.5652173913043478,2.5391304347826087
Kendrick Nunn,75.0,190.0,1795.0,126.0,262.0,398.0,57.0,213.0,27.0,146.0,0.821,0.386,0.428,11.7,7.0,4.7,24.7,4.9,0.557,14.246031746031745,2.0793650793650795,1.6904761904761905,0.21428571428571427,1.1587301587301588,3.611111111111111
Kelly Olynyk,84.0,238.0,903.0,101.0,107.0,309.0,152.0,140.0,46.0,52.0,0.709,0.333,0.594,10.3,6.7,3.6,24.9,9.9,0.641,8.94059405940594,1.0594059405940595,1.386138613861386,0.45544554455445546,0.5148514851485149,4.564356435643564
Jimmy Butler,79.0,220.0,1277.0,106.0,180.0,332.0,247.0,110.0,50.0,115.0,0.773,0.383,0.508,15.9,11.2,4.7,19.0,9.4,0.607,12.047169811320755,1.6981132075471699,1.0377358490566038,0.4716981132075472,1.0849056603773586,5.462264150943396
Derrick Jones Jr.,77.0,190.0,847.0,103.0,155.0,110.0,24.0,80.0,26.0,53.0,0.647,0.369,0.406,6.0,4.1,1.8,-999.0,-999.0,0.548,8.223300970873787,1.5048543689320388,0.7766990291262136,0.2524271844660194,0.5145631067961165,1.3009708737864076
Meyers Leonard,85.0,245.0,502.0,65.0,48.0,220.0,83.0,94.0,73.0,20.0,0.729,0.083,0.567,4.8,2.7,2.2,21.1,4.9,0.601,7.723076923076923,0.7384615384615385,1.4461538461538461,1.123076923076923,0.3076923076923077,4.661538461538461
Tyler Herro,77.0,195.0,519.0,37.0,91.0,151.0,15.0,60.0,12.0,40.0,0.935,0.355,0.462,5.4,3.3,2.1,21.4,8.9,0.58,14.027027027027026,2.4594594594594597,1.6216216216216217,0.32432432432432434,1.0810810810810811,4.486486486486486
Chris Silva,81.0,234.0,1509.0,134.0,89.0,543.0,333.0,263.0,186.0,85.0,0.729,,0.497,14.1,7.6,6.5,25.7,5.9,0.587,11.261194029850746,0.664179104477612,1.962686567164179,1.3880597014925373,0.6343283582089553,6.537313432835822
Andre Iguodala,78.0,207.0,594.0,62.0,213.0,275.0,134.0,132.0,29.0,95.0,0.738,0.274,0.424,5.4,1.4,4.0,20.1,-999.0,0.511,9.580645161290322,3.435483870967742,2.129032258064516,0.46774193548387094,1.532258064516129,6.596774193548387
Jae Crowder,78.0,235.0,1049.0,72.0,131.0,392.0,153.0,74.0,67.0,136.0,0.683,0.35,0.492,12.6,7.8,4.8,21.9,11.8,0.584,14.569444444444445,1.8194444444444444,1.0277777777777777,0.9305555555555556,1.8888888888888888,7.569444444444445
Solomon Hill,79.0,220.0,1430.0,139.0,304.0,523.0,250.0,290.0,49.0,127.0,0.745,0.375,0.481,15.0,9.0,6.0,19.7,6.9,0.582,10.287769784172662,2.1870503597122304,2.0863309352517985,0.35251798561151076,0.9136690647482014,5.561151079136691
Udonis Haslem,80.0,230.0,1781.0,130.0,139.0,339.0,149.0,147.0,120.0,107.0,0.666,,0.584,20.4,11.7,8.7,-999.0,-999.0,0.614,13.7,1.0692307692307692,1.1307692307692307,0.9230769230769231,0.823076923076923,3.753846153846154
Wesley Matthews,77.0,220.0,1673.0,127.0,271.0,426.0,202.0,275.0,38.0,155.0,0.799,0.341,0.444,15.7,8.2,7.5,22.5,-999.0,0.566,13.173228346456693,2.1338582677165356,2.1653543307086616,0.2992125984251969,1.220472440944882,4.94488188976378
Brook Lopez,84.0,260.0,849.0,53.0,57.0,255.0,122.0,112.0,101.0,27.0,0.764,0.143,0.48,7.9,2.9,5.0,31.4,-999.0,0.532,16.0188679245283,1.0754716981132075,2.1132075471698113,1.9056603773584906,0.5094339622641509,7.113207547169811
Pat Connaughton,77.0,218.0,1465.0,139.0,257.0,686.0,137.0,135.0,71.0,93.0,0.777,0.386,0.45,15.9,10.6,5.3,16.9,6.7,0.587,10.53956834532374,1.8489208633093526,0.9712230215827338,0.5107913669064749,0.6690647482014388,5.9208633093525185
Robin Lopez,84.0,255.0,601.0,67.0,51.0,205.0,171.0,109.0,156.0,23.0,0.612,0.5,0.511,8.2,2.2,6.0,21.1,-999.0,0.535,8.970149253731343,0.7611940298507462,1.626865671641791,2.328358208955224,0.34328358208955223,5.611940298507463
Donte DiVincenzo,77.0,200.0,870.0,85.0,204.0,250.0,93.0,137.0,18.0,79.0,,0.378,0.469,9.2,5.5,3.7,20.9,7.8,0.591,10.235294117647058,2.4,1.611764705882353,0.21176470588235294,0.9294117647058824,4.035294117647059
Eric Bledsoe,73.0,190.0,419.0,37.0,107.0,95.0,19.0,112.0,12.0,52.0,0.667,0.383,0.462,3.5,1.5,2.1,20.4,-999.0,0.566,11.324324324324325,2.891891891891892,3.027027027027027,0.32432432432432434,1.4054054054054055,3.081081081081081
Khris Middleton,79.0,217.0,981.0,87.0,175.0,265.0,131.0,173.0,17.0,87.0,0.768,0.321,0.431,8.8,4.8,4.0,25.5,7.6,0.534,11.275862068965518,2.0114942528735633,1.9885057471264367,0.19540229885057472,1.0,4.551724137931035
George Hill,74.0,180.0,1619.0,95.0,317.0,364.0,183.0,241.0,29.0,155.0,0.785,0.404,0.529,17.1,12.0,5.1,25.8,-999.0,0.628,17.042105263157893,3.336842105263158,2.536842105263158,0.30526315789473685,1.631578947368421,5.757894736842105
Kyle Korver,79.0,210.0,1801.0,128.0,294.0,422.0,141.0,231.0,58.0,172.0,0.891,0.453,0.472,22.7,15.6,7.1,22.6,-999.0,0.667,14.0703125,2.296875,1.8046875,0.453125,1.34375,4.3984375
Sterling Brown,76.0,190.0,54.0,32.0,13.0,13.0,11.0,8.0,0.0,4.0,0.533,0.353,0.435,0.2,0.1,0.1,-999.0,-999.0,0.508,1.6875,0.40625,0.25,0.0,0.125,0.75
D.J. Wilson,81.0,220.0,491.0,69.0,58.0,165.0,62.0,52.0,70.0,25.0,,0.363,0.525,5.3,3.4,1.9,19.0,7.0,0.614,7.115942028985507,0.8405797101449275,0.7536231884057971,1.0144927536231885,0.36231884057971014,3.289855072463768
Marvin Williams,81.0,230.0,407.0,36.0,26.0,171.0,65.0,56.0,17.0,39.0,0.847,0.432,0.506,4.8,2.6,2.1,21.1,-999.0,0.627,11.305555555555555,0.7222222222222222,1.5555555555555556,0.4722222222222222,1.0833333333333333,6.555555555555555
Frank Mason III,71.0,185.0,1885.0,145.0,576.0,421.0,79.0,270.0,10.0,165.0,0.761,0.42,0.454,19.2,12.8,6.4,21.8,8.5,0.574,13.0,3.972413793103448,1.8620689655172413,0.06896551724137931,1.1379310344827587,3.4482758620689653
Cameron Reynolds,79.0,195.0,1370.0,135.0,157.0,478.0,127.0,163.0,45.0,82.0,0.716,0.334,0.387,6.5,3.2,3.3,22.1,-0.3,0.491,10.148148148148149,1.162962962962963,1.2074074074074075,0.3333333333333333,0.6074074074074074,4.481481481481482
Jarrett Culver,77.0,195.0,1119.0,75.0,209.0,327.0,93.0,160.0,48.0,98.0,0.687,0.341,0.459,11.0,5.3,5.8,27.8,10.3,0.548,14.92,2.7866666666666666,2.1333333333333333,0.64,1.3066666666666666,5.6000000000000005
Josh Okogie,76.0,207.0,1033.0,61.0,120.0,242.0,109.0,138.0,50.0,90.0,0.777,0.382,0.437,7.9,4.4,3.5,27.4,6.7,0.55,16.934426229508198,1.9672131147540983,2.262295081967213,0.819672131147541,1.4754098360655739,5.754098360655737
Karl-Anthony Towns,83.0,250.0,401.0,39.0,44.0,169.0,92.0,53.0,88.0,18.0,0.813,0.25,0.566,6.4,3.5,2.9,23.7,14.3,0.627,10.282051282051283,1.1282051282051282,1.358974358974359,2.2564102564102564,0.46153846153846156,6.692307692307692
Kelan Martin,78.0,215.0,2047.0,136.0,161.0,569.0,140.0,237.0,56.0,79.0,0.786,0.348,0.437,13.6,8.4,5.2,29.6,5.5,0.547,15.051470588235293,1.1838235294117647,1.7426470588235294,0.4117647058823529,0.5808823529411765,5.213235294117647
Naz Reid,82.0,250.0,463.0,34.0,29.0,159.0,86.0,85.0,23.0,25.0,0.727,0.333,0.468,3.0,1.7,1.3,26.4,2.8,0.544,13.617647058823529,0.8529411764705882,2.5,0.6764705882352942,0.7352941176470589,7.205882352941177
Jordan McLaughlin,73.0,170.0,1648.0,128.0,739.0,371.0,83.0,303.0,22.0,213.0,0.738,0.379,0.439,14.7,9.8,5.0,20.9,5.7,0.546,12.875,5.7734375,2.3671875,0.171875,1.6640625,3.546875
Jake Layman,81.0,205.0,1436.0,141.0,156.0,515.0,159.0,204.0,113.0,123.0,0.759,0.362,0.445,14.4,7.6,6.8,19.3,6.5,0.572,10.184397163120567,1.1063829787234043,1.446808510638298,0.8014184397163121,0.8723404255319149,4.780141843971631
Jaylen Nowell,76.0,200.0,1127.0,70.0,204.0,257.0,68.0,191.0,18.0,82.0,0.789,0.396,0.476,8.1,4.8,3.3,26.0,3.6,0.563,16.1,2.914285714285714,2.7285714285714286,0.2571428571428571,1.1714285714285715,4.642857142857142
Malik Beasley,77.0,190.0,529.0,34.0,51.0,136.0,44.0,59.0,6.0,32.0,0.813,0.387,0.471,4.0,2.9,1.1,24.3,6.2,0.583,15.558823529411764,1.5,1.7352941176470589,0.17647058823529413,0.9411764705882353,5.294117647058823
James Johnson,72.0,195.0,1731.0,127.0,479.0,341.0,106.0,283.0,12.0,185.0,0.792,0.37,0.385,14.2,8.1,6.1,22.5,3.1,0.503,13.62992125984252,3.7716535433070866,2.2283464566929134,0.09448818897637795,1.4566929133858268,3.5196850393700787
D'Angelo Russell,77.0,180.0,675.0,35.0,175.0,163.0,35.0,102.0,11.0,55.0,0.756,0.411,0.449,6.8,4.4,2.4,30.2,11.9,0.573,19.285714285714285,5.0,2.914285714285714,0.3142857142857143,1.5714285714285714,5.6571428571428575
Jarred Vanderbilt,81.0,214.0,82.0,14.0,14.0,64.0,46.0,15.0,11.0,6.0,0.632,0.0,0.426,1.0,0.5,0.5,20.8,6.4,0.476,5.857142857142857,1.0,1.0714285714285714,0.7857142857142857,0.42857142857142855,7.857142857142857
Jacob Evans,78.0,210.0,1233.0,105.0,263.0,316.0,139.0,133.0,92.0,120.0,0.755,0.377,0.429,15.1,8.2,6.9,20.9,9.2,0.551,11.742857142857142,2.5047619047619047,1.2666666666666666,0.8761904761904762,1.1428571428571428,4.333333333333333
Evan Turner,79.0,210.0,1517.0,101.0,414.0,531.0,151.0,352.0,74.0,159.0,0.758,0.362,0.502,16.1,9.3,6.8,30.8,-999.0,0.577,15.01980198019802,4.099009900990099,3.485148514851485,0.7326732673267327,1.5742574257425743,6.752475247524753
Omari Spellman,81.0,260.0,434.0,40.0,30.0,231.0,90.0,40.0,59.0,26.0,0.7,0.433,0.476,5.2,2.9,2.2,18.3,7.5,0.588,10.85,0.75,1.0,1.475,0.65,8.025
Josh Hart,77.0,205.0,1921.0,146.0,266.0,560.0,252.0,194.0,43.0,161.0,0.72,0.389,0.511,22.9,14.4,8.5,22.7,9.8,0.614,13.157534246575343,1.821917808219178,1.3287671232876712,0.2945205479452055,1.1027397260273972,5.561643835616438
Brandon Ingram,81.0,190.0,624.0,36.0,72.0,177.0,67.0,72.0,49.0,41.0,0.682,0.41,0.442,4.9,3.4,1.5,25.6,8.0,0.552,17.333333333333332,2.0,2.0,1.3611111111111112,1.1388888888888888,6.777777777777779
Lonzo Ball,78.0,190.0,524.0,36.0,274.0,183.0,33.0,89.0,28.0,66.0,0.673,0.412,0.551,6.8,4.8,2.0,18.1,12.0,0.673,14.555555555555555,7.611111111111111,2.4722222222222223,0.7777777777777778,1.8333333333333333,6.0
Jaxson Hayes,83.0,220.0,320.0,32.0,9.0,104.0,56.0,29.0,71.0,19.0,0.74,-999.0,0.728,4.3,2.8,1.5,17.2,10.1,0.739,10.0,0.28125,0.90625,2.21875,0.59375,5.0
Jrue Holiday,75.0,180.0,296.0,35.0,129.0,88.0,44.0,75.0,18.0,55.0,0.726,0.307,0.45,3.3,1.2,2.1,19.3,-999.0,0.532,8.457142857142857,3.6857142857142855,2.142857142857143,0.5142857142857142,1.5714285714285714,3.7714285714285714
J.J. Redick,76.0,190.0,2769.0,139.0,306.0,309.0,66.0,296.0,9.0,152.0,0.912,0.406,0.433,23.5,18.4,5.1,25.7,-999.0,0.615,19.92086330935252,2.2014388489208634,2.129496402877698,0.06474820143884892,1.0935251798561152,2.697841726618705
E'Twaun Moore,76.0,191.0,2136.0,140.0,400.0,459.0,151.0,289.0,59.0,164.0,0.729,0.38,0.44,19.3,9.9,9.4,27.5,10.2,0.536,15.257142857142858,2.857142857142857,2.0642857142857145,0.42142857142857143,1.1714285714285715,4.357142857142857
Frank Jackson,82.0,-999.0,261.0,52.0,15.0,-999.0,-999.0,-999.0,50.0,8.0,0.55,-999.0,0.472,0.6,0.6,0.0,-999.0,-999.0,0.499,5.019230769230769,0.28846153846153844,-19.21153846153846,0.9615384615384616,0.15384615384615385,-38.42307692307692
Derrick Favors,82.0,246.0,448.0,36.0,37.0,195.0,108.0,90.0,74.0,32.0,0.629,0.0,0.611,4.8,2.3,2.5,21.8,-999.0,0.621,12.444444444444445,1.0277777777777777,2.5,2.0555555555555554,0.8888888888888888,8.416666666666668
Nickeil Alexander-Walker,77.0,205.0,902.0,67.0,184.0,227.0,39.0,149.0,36.0,92.0,0.763,0.383,0.464,7.9,4.3,3.6,24.6,7.3,0.582,13.462686567164178,2.746268656716418,2.2238805970149254,0.5373134328358209,1.373134328358209,3.970149253731343
Kenrich Williams,79.0,210.0,1125.0,102.0,271.0,573.0,304.0,145.0,71.0,141.0,0.625,0.375,0.484,14.0,8.4,5.6,17.6,8.9,0.559,11.029411764705882,2.656862745098039,1.4215686274509804,0.696078431372549,1.3823529411764706,8.598039215686274
Jahlil Okafor,83.0,270.0,657.0,38.0,49.0,188.0,134.0,95.0,54.0,29.0,0.51,-999.0,0.664,6.7,4.5,2.2,27.6,10.4,0.641,17.289473684210527,1.2894736842105263,2.5,1.4210526315789473,0.7631578947368421,8.473684210526315
Zion Williamson,79.0,285.0,746.0,33.0,68.0,177.0,116.0,78.0,59.0,70.0,0.64,0.338,0.68,8.3,5.5,2.8,28.6,20.1,0.702,22.606060606060606,2.0606060606060606,2.3636363636363638,1.7878787878787878,2.121212121212121,8.878787878787879
Josh Gray,73.0,182.0,684.0,94.0,275.0,166.0,42.0,228.0,4.0,123.0,0.651,0.216,0.392,1.6,-0.8,2.3,23.2,-2.2,0.451,7.276595744680851,2.925531914893617,2.425531914893617,0.0425531914893617,1.3085106382978724,2.2127659574468086
Darius Miller,80.0,225.0,1248.0,152.0,278.0,339.0,150.0,214.0,100.0,114.0,0.815,0.379,0.448,13.9,8.1,5.9,17.3,8.1,0.568,8.210526315789474,1.8289473684210527,1.4078947368421053,0.6578947368421053,0.75,3.2171052631578947
Sindarius Thornwell,77.0,215.0,1941.0,132.0,390.0,471.0,214.0,331.0,78.0,199.0,0.771,0.339,0.392,16.1,8.2,7.9,25.8,7.7,0.518,14.704545454545455,2.9545454545454546,2.507575757575758,0.5909090909090909,1.5075757575757576,5.1893939393939394
Bobby Portis,83.0,242.0,1047.0,70.0,92.0,332.0,219.0,97.0,104.0,74.0,0.737,0.365,0.526,10.5,6.6,3.8,24.2,8.4,0.574,14.957142857142857,1.3142857142857143,1.3857142857142857,1.4857142857142858,1.0571428571428572,7.871428571428572
Kevin Knox,81.0,215.0,576.0,37.0,53.0,167.0,33.0,85.0,10.0,31.0,0.774,0.341,0.445,4.0,2.3,1.7,24.6,5.1,0.556,15.567567567567568,1.4324324324324325,2.2972972972972974,0.2702702702702703,0.8378378378378378,5.405405405405405
Julius Randle,81.0,250.0,599.0,40.0,57.0,277.0,139.0,101.0,31.0,20.0,0.706,0.167,0.501,5.9,3.5,2.4,25.4,7.5,0.567,14.975,1.425,2.525,0.775,0.5,10.4
Taj Gibson,81.0,225.0,1307.0,105.0,142.0,592.0,304.0,260.0,253.0,77.0,0.629,-999.0,0.58,18.5,8.4,10.1,19.2,-999.0,0.597,12.447619047619048,1.3523809523809525,2.4761904761904763,2.4095238095238094,0.7333333333333333,8.533333333333333
RJ Barrett,79.0,202.0,860.0,38.0,164.0,229.0,59.0,123.0,16.0,34.0,0.665,0.308,0.454,6.5,3.8,2.7,32.2,8.6,0.532,22.63157894736842,4.315789473684211,3.236842105263158,0.42105263157894735,0.8947368421052632,7.578947368421052
Damyean Dotson,77.0,209.0,1732.0,134.0,149.0,509.0,166.0,154.0,21.0,101.0,0.796,0.38,0.464,16.2,10.5,5.7,21.5,6.2,0.574,12.925373134328359,1.1119402985074627,1.1492537313432836,0.15671641791044777,0.753731343283582,5.037313432835821
Elfrid Payton,75.0,180.0,1426.0,100.0,486.0,360.0,148.0,336.0,51.0,197.0,0.611,0.268,0.485,10.9,6.1,4.9,25.6,4.0,0.533,14.26,4.86,3.36,0.51,1.97,5.08
Wayne Ellington,76.0,200.0,1694.0,115.0,258.0,343.0,126.0,175.0,14.0,109.0,0.809,0.397,0.463,13.5,8.0,5.4,22.1,-999.0,0.577,14.730434782608695,2.243478260869565,1.5217391304347827,0.12173913043478261,0.9478260869565217,4.078260869565217
Dennis Smith Jr.,75.0,-999.0,10.0,3.0,0.0,-999.0,-999.0,-999.0,0.0,0.0,1.0,-999.0,0.667,0.1,0.1,0.0,-999.0,-999.0,0.719,3.3333333333333335,0.0,-333.0,0.0,0.0,-666.0
Reggie Bullock,79.0,-999.0,129.0,46.0,19.0,-999.0,-999.0,-999.0,6.0,28.0,0.522,0.1,0.426,0.2,-0.1,0.3,-999.0,-999.0,0.448,2.8043478260869565,0.41304347826086957,-21.717391304347824,0.13043478260869565,0.6086956521739131,-43.43478260869565
Maurice Harkless,80.0,208.0,497.0,32.0,47.0,188.0,88.0,80.0,45.0,51.0,0.676,0.215,0.452,3.2,1.8,1.3,24.9,4.0,0.504,15.53125,1.46875,2.5,1.40625,1.59375,8.625
Ignas Brazdeikis,79.0,215.0,548.0,37.0,31.0,158.0,43.0,46.0,18.0,26.0,0.773,0.392,0.462,5.5,2.8,2.7,26.1,8.9,0.573,14.81081081081081,0.8378378378378378,1.2432432432432432,0.4864864864864865,0.7027027027027027,5.4324324324324325
Theo Pinson,78.0,195.0,757.0,122.0,416.0,389.0,147.0,186.0,39.0,96.0,0.746,0.257,0.427,6.6,3.5,3.1,16.8,7.2,0.52,6.204918032786885,3.4098360655737703,1.5245901639344261,0.319672131147541,0.7868852459016393,4.393442622950819
Shai Gilgeous-Alexander,78.0,180.0,532.0,37.0,189.0,120.0,33.0,100.0,18.0,61.0,0.817,0.404,0.485,5.2,3.3,1.9,21.9,9.0,0.578,14.378378378378379,5.108108108108108,2.7027027027027026,0.4864864864864865,1.6486486486486487,4.135135135135135
Chris Paul,72.0,175.0,948.0,63.0,395.0,202.0,43.0,171.0,13.0,160.0,0.838,0.47,0.472,9.4,6.3,3.1,20.6,-999.0,0.622,15.047619047619047,6.26984126984127,2.7142857142857144,0.20634920634920634,2.5396825396825395,3.8888888888888893
Steven Adams,84.0,250.0,231.0,32.0,20.0,113.0,90.0,35.0,65.0,21.0,0.443,-999.0,0.571,3.5,1.6,1.9,17.7,8.1,0.555,7.21875,0.625,1.09375,2.03125,0.65625,6.34375
Nerlens Noel,82.0,228.0,251.0,24.0,38.0,162.0,65.0,45.0,106.0,50.0,0.529,-999.0,0.59,3.9,1.6,2.3,17.4,12.1,0.583,10.458333333333334,1.5833333333333333,1.875,4.416666666666667,2.0833333333333335,9.458333333333334
Abdel Nader,78.0,230.0,1207.0,117.0,127.0,399.0,104.0,267.0,71.0,95.0,0.731,0.305,0.391,3.7,0.2,3.5,27.5,-0.5,0.484,10.316239316239317,1.0854700854700854,2.282051282051282,0.6068376068376068,0.811965811965812,4.299145299145299
Mike Muscala,83.0,234.0,2036.0,133.0,211.0,792.0,301.0,217.0,271.0,56.0,0.819,0.313,0.501,22.9,14.6,8.3,28.4,8.9,0.574,15.308270676691729,1.586466165413534,1.631578947368421,2.037593984962406,0.42105263157894735,8.218045112781954
Hamidou Diallo,77.0,190.0,371.0,37.0,46.0,102.0,33.0,51.0,13.0,28.0,0.616,0.338,0.428,2.4,1.1,1.3,22.6,2.9,0.498,10.027027027027026,1.2432432432432432,1.3783783783783783,0.35135135135135137,0.7567567567567568,3.6486486486486482
Deonte Burton,73.0,190.0,2102.0,130.0,515.0,320.0,54.0,280.0,53.0,169.0,0.751,0.337,0.439,17.2,13.9,3.3,25.3,5.3,0.562,16.16923076923077,3.9615384615384617,2.1538461538461537,0.4076923076923077,1.3,2.876923076923077
Luguentz Dort,76.0,215.0,547.0,34.0,79.0,101.0,44.0,99.0,7.0,52.0,0.7,0.307,0.405,3.1,1.5,1.6,27.9,3.1,0.518,16.08823529411765,2.323529411764706,2.911764705882353,0.20588235294117646,1.5294117647058822,4.264705882352941
Devon Hall,77.0,210.0,884.0,128.0,264.0,363.0,44.0,115.0,20.0,73.0,0.807,0.389,0.419,11.6,5.2,6.5,17.6,6.7,0.538,6.90625,2.0625,0.8984375,0.15625,0.5703125,3.1796875
Andre Roberson,79.0,210.0,1012.0,105.0,119.0,736.0,309.0,183.0,150.0,164.0,0.582,0.35,0.516,13.7,6.2,7.5,19.0,7.8,0.561,9.638095238095238,1.1333333333333333,1.7428571428571429,1.4285714285714286,1.561904761904762,9.952380952380953
Markelle Fultz,76.0,195.0,579.0,25.0,148.0,110.0,33.0,80.0,30.0,40.0,0.649,0.413,0.476,3.9,3.3,0.6,31.4,9.4,0.558,23.16,5.92,3.2,1.2,1.6,5.720000000000001
Terrence Ross,78.0,195.0,847.0,69.0,82.0,244.0,77.0,94.0,45.0,63.0,0.764,0.364,0.453,7.4,4.7,2.7,23.8,7.5,0.557,12.27536231884058,1.1884057971014492,1.3623188405797102,0.6521739130434783,0.9130434782608695,4.6521739130434785
Aaron Gordon,81.0,225.0,470.0,38.0,75.0,201.0,102.0,55.0,39.0,34.0,0.422,0.356,0.495,5.4,2.1,3.3,23.2,8.4,0.503,12.368421052631579,1.9736842105263157,1.4473684210526316,1.0263157894736843,0.8947368421052632,7.973684210526316
D.J. Augustin,72.0,180.0,1234.0,73.0,452.0,170.0,41.0,220.0,3.0,100.0,0.808,0.402,0.443,10.7,6.2,4.5,20.9,-999.0,0.569,16.904109589041095,6.191780821917808,3.0136986301369864,0.0410958904109589,1.36986301369863,2.8904109589041096
Wesley Iwundu,79.0,205.0,1249.0,132.0,366.0,466.0,152.0,280.0,52.0,121.0,0.688,0.338,0.463,10.6,4.8,5.7,19.9,4.9,0.54,9.462121212121213,2.772727272727273,2.121212121212121,0.3939393939393939,0.9166666666666666,4.681818181818182
Michael Carter-Williams,78.0,185.0,544.0,66.0,345.0,177.0,60.0,154.0,27.0,129.0,0.679,0.307,0.398,7.4,3.3,4.0,21.3,9.2,0.493,8.242424242424242,5.2272727272727275,2.3333333333333335,0.4090909090909091,1.9545454545454546,3.590909090909091
Khem Birch,81.0,220.0,611.0,69.0,55.0,324.0,212.0,82.0,211.0,41.0,0.668,-999.0,0.531,8.7,4.4,4.3,17.6,8.0,0.576,8.855072463768115,0.7971014492753623,1.1884057971014492,3.0579710144927534,0.5942028985507246,7.768115942028986
Jonathan Isaac,82.0,210.0,383.0,32.0,37.0,195.0,56.0,48.0,49.0,37.0,0.78,0.348,0.508,4.3,2.4,1.9,20.3,10.0,0.614,11.96875,1.15625,1.5,1.53125,1.15625,7.84375
Al-Farouq Aminu,81.0,215.0,892.0,62.0,87.0,381.0,204.0,180.0,82.0,74.0,0.687,0.238,0.476,8.3,3.9,4.4,27.5,-999.0,0.541,14.387096774193548,1.403225806451613,2.903225806451613,1.3225806451612903,1.1935483870967742,9.435483870967742
Gary Clark,76.0,200.0,560.0,109.0,74.0,93.0,29.0,84.0,8.0,68.0,0.752,0.434,0.451,3.2,2.2,1.0,18.5,2.1,0.573,5.137614678899083,0.6788990825688074,0.7706422018348624,0.07339449541284404,0.6238532110091743,1.1192660550458715
Melvin Frazier,77.0,200.0,997.0,94.0,156.0,298.0,115.0,187.0,45.0,152.0,0.653,0.312,0.481,6.5,3.1,3.4,20.6,3.2,0.56,10.606382978723405,1.6595744680851063,1.9893617021276595,0.4787234042553192,1.6170212765957446,4.3936170212765955
James Ennis,79.0,210.0,886.0,67.0,158.0,255.0,107.0,168.0,69.0,112.0,0.788,0.354,0.493,9.0,5.6,3.3,21.5,6.9,0.615,13.223880597014926,2.3582089552238807,2.5074626865671643,1.0298507462686568,1.671641791044776,5.402985074626866
B.J. Johnson,75.0,193.0,15.0,29.0,4.0,5.0,3.0,7.0,1.0,8.0,,0.0,0.188,0.0,-0.2,0.1,-999.0,-999.0,0.338,0.5172413793103449,0.13793103448275862,0.2413793103448276,0.034482758620689655,0.27586206896551724,0.27586206896551724
Vic Law,79.0,200.0,1442.0,125.0,254.0,572.0,138.0,215.0,77.0,119.0,0.774,0.368,0.402,11.6,5.1,6.4,22.4,5.1,0.525,11.536,2.032,1.72,0.616,0.952,5.68
Tobias Harris,80.0,226.0,521.0,34.0,44.0,180.0,67.0,62.0,29.0,24.0,0.753,0.303,0.46,4.4,2.9,1.5,27.2,7.3,0.54,15.323529411764707,1.2941176470588236,1.8235294117647058,0.8529411764705882,0.7058823529411765,7.264705882352941
Mike Scott,73.0,170.0,341.0,55.0,110.0,113.0,82.0,89.0,8.0,74.0,0.677,0.286,0.389,1.9,0.5,1.3,16.4,-999.0,0.489,6.2,2.0,1.6181818181818182,0.14545454545454545,1.3454545454545455,3.545454545454546
Al Horford,82.0,245.0,1123.0,109.0,187.0,610.0,254.0,173.0,189.0,94.0,0.619,,0.586,17.1,7.0,10.0,18.6,-999.0,0.601,10.302752293577981,1.7155963302752293,1.5871559633027523,1.7339449541284404,0.8623853211009175,7.9266055045871555
Matisse Thybulle,77.0,195.0,1242.0,135.0,276.0,296.0,119.0,252.0,185.0,331.0,0.782,0.358,0.429,11.1,4.4,6.7,17.0,7.0,0.55,9.2,2.0444444444444443,1.8666666666666667,1.3703703703703705,2.4518518518518517,3.0740740740740744
Ben Simmons,82.0,225.0,632.0,33.0,158.0,285.0,103.0,111.0,27.0,65.0,0.67,0.333,0.56,6.0,3.9,2.1,26.4,10.3,0.6,19.151515151515152,4.787878787878788,3.3636363636363638,0.8181818181818182,1.9696969696969697,11.757575757575758
Josh Richardson,0.0,215.0,170.0,28.0,15.0,46.0,33.0,29.0,4.0,15.0,0.56,0.0,0.445,-0.1,0.2,-0.2,-999.0,-999.0,0.484,6.071428571428571,0.5357142857142857,1.0357142857142858,0.14285714285714285,0.5357142857142857,2.821428571428571
Joel Embiid,84.0,250.0,313.0,28.0,38.0,162.0,65.0,66.0,72.0,25.0,0.685,0.2,0.626,3.4,1.8,1.7,23.4,11.9,0.655,11.178571428571429,1.3571428571428572,2.357142857142857,2.5714285714285716,0.8928571428571429,8.107142857142858
Kyle O'Quinn,82.0,240.0,1607.0,129.0,122.0,760.0,332.0,262.0,283.0,69.0,0.685,0.261,0.553,15.7,9.4,6.3,23.0,4.3,0.602,12.457364341085272,0.9457364341085271,2.0310077519379846,2.193798449612403,0.5348837209302325,8.465116279069768
Glenn Robinson III,79.0,225.0,1706.0,62.0,115.0,-999.0,-999.0,242.0,65.0,113.0,0.773,0.385,0.479,-999.0,-999.0,-999.0,-999.0,-999.0,0.566,27.516129032258064,1.8548387096774193,3.903225806451613,1.0483870967741935,1.8225806451612903,-32.225806451612904
Alec Burks,78.0,195.0,1291.0,68.0,165.0,248.0,149.0,157.0,24.0,76.0,0.804,0.313,0.495,10.8,9.2,1.6,30.0,8.1,0.592,18.985294117647058,2.426470588235294,2.3088235294117645,0.35294117647058826,1.1176470588235294,5.838235294117647
Zhaire Smith,77.0,195.0,417.0,37.0,66.0,102.0,83.0,41.0,42.0,42.0,0.717,0.45,0.556,5.6,3.3,2.2,18.3,10.8,0.618,11.27027027027027,1.7837837837837838,1.1081081081081081,1.135135135135135,1.135135135135135,5.0
Ryan Broekhoff,79.0,215.0,1591.0,134.0,246.0,652.0,189.0,186.0,100.0,129.0,0.818,0.408,0.464,18.6,12.6,6.0,21.5,8.3,0.619,11.873134328358208,1.835820895522388,1.3880597014925373,0.746268656716418,0.9626865671641791,6.276119402985075
Mikal Bridges,79.0,191.0,1311.0,116.0,183.0,373.0,131.0,124.0,101.0,163.0,0.845,0.4,0.525,17.2,10.5,6.7,18.3,11.5,0.656,11.301724137931034,1.5775862068965518,1.0689655172413792,0.8706896551724138,1.4051724137931034,4.344827586206897
Devin Booker,80.0,250.0,1154.0,128.0,99.0,461.0,267.0,199.0,83.0,80.0,0.658,0.275,0.496,11.1,5.5,5.6,21.8,3.0,0.538,9.015625,0.7734375,1.5546875,0.6484375,0.625,5.6875
Kelly Oubre Jr.,79.0,200.0,333.0,36.0,28.0,138.0,41.0,43.0,13.0,41.0,0.718,0.358,0.444,3.4,1.7,1.7,23.1,8.8,0.555,9.25,0.7777777777777778,1.1944444444444444,0.3611111111111111,1.1388888888888888,4.972222222222222
Jevon Carter,74.0,185.0,1758.0,144.0,559.0,407.0,131.0,264.0,34.0,330.0,0.798,0.355,0.407,19.8,10.4,9.4,21.0,9.9,0.534,12.208333333333334,3.8819444444444446,1.8333333333333333,0.2361111111111111,2.2916666666666665,3.736111111111111
Cameron Johnson,79.0,215.0,1192.0,118.0,82.0,393.0,245.0,238.0,55.0,106.0,0.611,,0.464,6.4,2.2,4.3,26.8,-4.2,0.501,10.101694915254237,0.6949152542372882,2.016949152542373,0.4661016949152542,0.8983050847457628,5.406779661016949
Cheick Diallo,81.0,218.0,81.0,27.0,1.0,51.0,17.0,17.0,23.0,7.0,0.556,-999.0,0.569,0.8,0.2,0.6,21.7,3.7,0.572,3.0,0.037037037037037035,0.6296296296296297,0.8518518518518519,0.25925925925925924,2.5185185185185186
Aron Baynes,82.0,250.0,1064.0,122.0,37.0,445.0,208.0,152.0,93.0,41.0,0.698,,0.546,14.3,7.1,7.2,23.2,-999.0,0.585,8.721311475409836,0.30327868852459017,1.2459016393442623,0.7622950819672131,0.3360655737704918,5.352459016393443
Frank Kaminsky,84.0,242.0,1458.0,144.0,188.0,484.0,182.0,121.0,153.0,77.0,0.763,0.369,0.522,19.1,12.8,6.3,25.5,13.0,0.609,10.125,1.3055555555555556,0.8402777777777778,1.0625,0.5347222222222222,4.625
Deandre Ayton,85.0,250.0,704.0,35.0,57.0,287.0,118.0,69.0,66.0,20.0,0.733,0.343,0.612,7.6,5.5,2.1,26.6,11.0,0.65,20.114285714285714,1.6285714285714286,1.9714285714285715,1.8857142857142857,0.5714285714285714,11.571428571428571
Ty Jerome,77.0,195.0,1011.0,105.0,384.0,289.0,29.0,145.0,4.0,127.0,0.788,0.392,0.435,13.7,7.0,6.7,21.9,9.5,0.558,9.628571428571428,3.657142857142857,1.380952380952381,0.0380952380952381,1.2095238095238094,3.0285714285714285
Tariq Owens,82.0,205.0,808.0,131.0,63.0,404.0,206.0,120.0,268.0,62.0,0.725,,0.533,10.0,4.4,5.6,14.9,5.0,0.58,6.1679389312977095,0.48091603053435117,0.916030534351145,2.045801526717557,0.4732824427480916,4.65648854961832
Cameron Payne,74.0,180.0,1279.0,69.0,394.0,221.0,31.0,197.0,37.0,125.0,0.781,0.359,0.432,11.3,8.0,3.3,30.5,6.4,0.551,18.536231884057973,5.7101449275362315,2.8550724637681157,0.5362318840579711,1.8115942028985508,3.6521739130434785
CJ McCollum,75.0,180.0,2361.0,111.0,304.0,529.0,167.0,267.0,51.0,228.0,0.825,0.377,0.439,20.5,13.9,6.6,32.4,8.6,0.563,21.27027027027027,2.7387387387387387,2.4054054054054053,0.4594594594594595,2.054054054054054,6.27027027027027
Hassan Whiteside,84.0,235.0,447.0,34.0,10.0,211.0,92.0,64.0,182.0,19.0,0.588,0.6,0.524,4.5,2.0,2.5,25.8,-999.0,0.548,13.147058823529411,0.29411764705882354,1.8823529411764706,5.352941176470588,0.5588235294117647,8.911764705882353
Damian Lillard,74.0,185.0,1934.0,104.0,362.0,401.0,43.0,246.0,19.0,129.0,0.867,0.39,0.446,17.6,14.2,3.4,28.6,9.2,0.606,18.596153846153847,3.480769230769231,2.3653846153846154,0.18269230769230768,1.2403846153846154,4.269230769230769
Gary Trent Jr.,80.0,250.0,2108.0,93.0,186.0,-999.0,-999.0,309.0,105.0,60.0,0.687,0.246,0.573,-999.0,-999.0,-999.0,-999.0,-999.0,0.608,22.666666666666668,2.0,3.3225806451612905,1.1290322580645162,0.6451612903225806,-21.483870967741936
Carmelo Anthony,80.0,230.0,778.0,35.0,77.0,248.0,101.0,77.0,30.0,55.0,0.706,0.337,0.453,5.8,2.7,3.1,29.3,-999.0,0.537,22.228571428571428,2.2,2.2,0.8571428571428571,1.5714285714285714,9.971428571428572
Nassir Little,78.0,220.0,353.0,36.0,24.0,109.0,57.0,48.0,19.0,19.0,0.77,0.269,0.478,2.7,1.4,1.2,25.2,5.1,0.549,9.805555555555555,0.6666666666666666,1.3333333333333333,0.5277777777777778,0.5277777777777778,4.611111111111111
Trevor Ariza,80.0,200.0,289.0,25.0,52.0,101.0,61.0,81.0,11.0,42.0,0.504,0.237,0.426,1.0,0.2,0.8,-999.0,-999.0,0.474,11.56,2.08,3.24,0.44,1.68,6.48
Rodney Hood,80.0,215.0,890.0,67.0,139.0,231.0,60.0,84.0,23.0,38.0,0.773,0.396,0.455,7.8,5.8,2.0,20.5,5.4,0.569,13.283582089552239,2.074626865671642,1.2537313432835822,0.34328358208955223,0.5671641791044776,4.343283582089552
Caleb Swanigan,81.0,260.0,994.0,69.0,168.0,568.0,150.0,208.0,36.0,27.0,0.76,0.376,0.501,9.0,4.4,4.6,26.3,6.4,0.586,14.405797101449275,2.4347826086956523,3.0144927536231885,0.5217391304347826,0.391304347826087,10.405797101449274
Wenyen Gabriel,81.0,213.0,425.0,75.0,47.0,256.0,126.0,70.0,74.0,41.0,0.622,0.367,0.426,5.0,2.1,3.0,14.6,5.3,0.534,5.666666666666667,0.6266666666666667,0.9333333333333333,0.9866666666666667,0.5466666666666666,5.093333333333334
Jaylen Hoard,80.0,215.0,407.0,31.0,47.0,156.0,80.0,78.0,20.0,19.0,0.717,0.226,0.458,1.9,1.3,0.7,24.6,2.2,0.519,13.129032258064516,1.5161290322580645,2.5161290322580645,0.6451612903225806,0.6129032258064516,7.612903225806452
Zach Collins,84.0,230.0,390.0,39.0,16.0,164.0,66.0,60.0,69.0,18.0,0.743,0.476,0.652,5.0,2.6,2.4,24.8,10.6,0.703,10.0,0.41025641025641024,1.5384615384615385,1.7692307692307692,0.46153846153846156,5.897435897435898
Jaylen Adams,73.0,180.0,1912.0,110.0,590.0,313.0,59.0,314.0,22.0,170.0,0.838,0.394,0.427,17.7,13.1,4.7,23.6,6.1,0.607,17.381818181818183,5.363636363636363,2.8545454545454545,0.2,1.5454545454545454,3.381818181818182
Buddy Hield,76.0,209.0,2291.0,132.0,254.0,452.0,209.0,285.0,38.0,168.0,0.836,0.39,0.448,18.4,12.2,6.2,26.6,9.4,0.584,17.356060606060606,1.9242424242424243,2.159090909090909,0.2878787878787879,1.2727272727272727,5.007575757575758
Harrison Barnes,80.0,215.0,1226.0,75.0,96.0,265.0,149.0,146.0,29.0,68.0,0.734,0.349,0.43,9.3,5.6,3.8,27.3,7.1,0.524,16.346666666666668,1.28,1.9466666666666668,0.38666666666666666,0.9066666666666666,5.52
Cory Joseph,75.0,185.0,375.0,36.0,109.0,105.0,23.0,54.0,11.0,37.0,0.699,0.413,0.422,4.4,2.2,2.2,17.3,6.5,0.526,10.416666666666666,3.0277777777777777,1.5,0.3055555555555556,1.0277777777777777,3.5555555555555554
De'Aaron Fox,75.0,187.0,601.0,36.0,165.0,122.0,21.0,87.0,7.0,53.0,0.736,0.246,0.479,5.1,3.1,2.1,27.5,8.2,0.549,16.694444444444443,4.583333333333333,2.4166666666666665,0.19444444444444445,1.4722222222222223,3.9722222222222223
Richaun Holmes,80.0,245.0,1089.0,95.0,62.0,402.0,250.0,143.0,244.0,75.0,0.697,0.353,0.554,12.6,6.9,5.7,21.8,6.4,0.605,11.463157894736842,0.6526315789473685,1.5052631578947369,2.568421052631579,0.7894736842105263,6.863157894736842
Harry Giles,82.0,240.0,102.0,26.0,9.0,59.0,41.0,18.0,17.0,9.0,0.5,-999.0,0.577,1.2,0.6,0.6,17.9,4.4,0.57,3.923076923076923,0.34615384615384615,0.6923076923076923,0.6538461538461539,0.34615384615384615,3.846153846153846
Justin James,78.0,200.0,444.0,93.0,56.0,164.0,107.0,123.0,46.0,77.0,0.676,0.336,0.402,2.1,0.2,1.9,21.3,-999.0,0.474,4.774193548387097,0.6021505376344086,1.3225806451612903,0.4946236559139785,0.8279569892473119,2.913978494623656
Kent Bazemore,77.0,195.0,1416.0,140.0,379.0,451.0,191.0,320.0,67.0,250.0,0.581,0.334,0.447,14.8,5.6,9.3,23.8,7.9,0.51,10.114285714285714,2.7071428571428573,2.2857142857142856,0.4785714285714286,1.7857142857142858,4.585714285714285
Alex Len,85.0,225.0,583.0,60.0,50.0,272.0,145.0,93.0,125.0,12.0,0.663,0.111,0.538,6.1,3.5,2.6,20.7,5.5,0.569,9.716666666666667,0.8333333333333334,1.55,2.0833333333333335,0.2,6.949999999999999
Jabari Parker,80.0,235.0,670.0,35.0,41.0,201.0,105.0,81.0,43.0,37.0,0.748,0.358,0.473,5.5,3.6,1.9,32.7,7.6,0.558,19.142857142857142,1.1714285714285715,2.3142857142857145,1.2285714285714286,1.0571428571428572,8.742857142857144
Corey Brewer,81.0,185.0,1225.0,108.0,300.0,329.0,140.0,253.0,44.0,176.0,0.708,0.356,0.48,13.0,6.4,6.6,21.6,-999.0,0.571,11.342592592592593,2.7777777777777777,2.3425925925925926,0.4074074074074074,1.6296296296296295,4.342592592592593
Bryn Forbes,75.0,175.0,1742.0,138.0,182.0,272.0,67.0,164.0,8.0,87.0,0.821,0.435,0.449,14.8,10.9,3.9,20.8,4.4,0.611,12.623188405797102,1.318840579710145,1.1884057971014492,0.057971014492753624,0.6304347826086957,2.456521739130435
Trey Lyles,82.0,235.0,313.0,36.0,38.0,123.0,65.0,41.0,16.0,19.0,0.735,0.138,0.488,4.4,2.1,2.3,20.8,8.0,0.543,8.694444444444445,1.0555555555555556,1.1388888888888888,0.4444444444444444,0.5277777777777778,5.222222222222222
DeMar DeRozan,79.0,220.0,485.0,35.0,51.0,117.0,84.0,73.0,13.0,31.0,0.646,0.167,0.523,4.1,2.4,1.7,-999.0,-999.0,0.555,13.857142857142858,1.457142857142857,2.085714285714286,0.37142857142857144,0.8857142857142857,5.742857142857143
Derrick White,77.0,193.0,615.0,34.0,148.0,104.0,35.0,81.0,49.0,42.0,0.813,0.396,0.507,5.9,4.5,1.4,25.3,12.4,0.627,18.08823529411765,4.352941176470588,2.3823529411764706,1.4411764705882353,1.2352941176470589,4.088235294117647
Rudy Gay,81.0,220.0,870.0,64.0,116.0,257.0,121.0,143.0,111.0,83.0,0.721,0.378,0.461,9.1,3.2,5.9,25.2,-999.0,0.538,13.59375,1.8125,2.234375,1.734375,1.296875,5.90625
Dejounte Murray,77.0,170.0,548.0,34.0,151.0,155.0,48.0,110.0,10.0,62.0,0.663,0.288,0.416,2.8,1.2,1.6,25.9,3.6,0.485,16.11764705882353,4.4411764705882355,3.235294117647059,0.29411764705882354,1.8235294117647058,5.970588235294118
Jakob Poeltl,84.0,230.0,931.0,70.0,93.0,363.0,194.0,129.0,119.0,33.0,0.605,,0.658,11.0,7.0,4.0,23.8,9.3,0.653,13.3,1.3285714285714285,1.8428571428571427,1.7,0.4714285714285714,7.957142857142857
LaMarcus Aldridge,83.0,240.0,713.0,53.0,34.0,256.0,178.0,87.0,97.0,67.0,0.649,-999.0,0.586,11.2,4.7,6.5,20.9,-999.0,0.605,13.452830188679245,0.6415094339622641,1.6415094339622642,1.830188679245283,1.2641509433962264,8.18867924528302
Chimezie Metu,83.0,215.0,1284.0,104.0,121.0,465.0,191.0,180.0,168.0,74.0,0.692,0.302,0.533,10.4,6.1,4.3,23.1,4.5,0.573,12.346153846153847,1.1634615384615385,1.7307692307692308,1.6153846153846154,0.7115384615384616,6.3076923076923075
Drew Eubanks,82.0,240.0,1127.0,96.0,87.0,445.0,185.0,194.0,163.0,49.0,0.693,-999.0,0.598,9.0,5.3,3.7,21.0,2.8,0.622,11.739583333333334,0.90625,2.0208333333333335,1.6979166666666667,0.5104166666666666,6.5625
Keldon Johnson,78.0,211.0,498.0,37.0,60.0,168.0,49.0,60.0,6.0,28.0,0.703,0.381,0.461,4.9,2.9,2.0,22.7,6.7,0.558,13.45945945945946,1.6216216216216217,1.6216216216216217,0.16216216216216217,0.7567567567567568,5.864864864864865
Tyler Zeller,84.0,250.0,1503.0,117.0,69.0,472.0,316.0,165.0,130.0,78.0,0.775,,0.543,15.5,9.9,5.6,24.1,10.2,0.597,12.846153846153847,0.5897435897435898,1.4102564102564104,1.1111111111111112,0.6666666666666666,6.735042735042735
Terence Davis,76.0,205.0,1512.0,121.0,249.0,456.0,141.0,242.0,69.0,140.0,0.717,0.339,0.445,9.7,5.6,4.1,27.0,6.0,0.543,12.49586776859504,2.0578512396694215,2.0,0.5702479338842975,1.1570247933884297,4.933884297520661
OG Anunoby,80.0,215.0,342.0,50.0,41.0,107.0,70.0,54.0,47.0,48.0,0.522,0.365,0.563,3.6,2.0,1.6,19.0,8.4,0.609,6.84,0.82,1.08,0.94,0.96,3.54
Chris Boucher,82.0,200.0,825.0,69.0,28.0,311.0,157.0,75.0,189.0,42.0,0.641,0.344,0.532,9.4,5.4,4.0,21.9,9.4,0.611,11.956521739130435,0.4057971014492754,1.0869565217391304,2.739130434782609,0.6086956521739131,6.782608695652174
Pascal Siakam,81.0,230.0,1126.0,68.0,103.0,414.0,243.0,131.0,136.0,62.0,0.711,0.176,0.551,13.7,7.9,5.8,25.4,6.9,0.586,16.558823529411764,1.5147058823529411,1.9264705882352942,2.0,0.9117647058823529,9.661764705882353
Kyle Lowry,72.0,175.0,543.0,57.0,171.0,137.0,82.0,110.0,13.0,108.0,0.737,0.325,0.449,6.5,2.1,4.4,20.4,-999.0,0.531,9.526315789473685,3.0,1.9298245614035088,0.22807017543859648,1.894736842105263,3.8421052631578947
Rondae Hollis-Jefferson,79.0,215.0,774.0,76.0,114.0,315.0,160.0,103.0,72.0,72.0,0.697,0.205,0.496,10.8,5.3,5.5,20.2,9.0,0.56,10.18421052631579,1.5,1.355263157894737,0.9473684210526315,0.9473684210526315,6.25
Norman Powell,76.0,215.0,1376.0,141.0,214.0,366.0,58.0,180.0,57.0,158.0,0.746,0.314,0.461,11.0,6.0,5.0,20.3,4.5,0.548,9.75886524822695,1.5177304964539007,1.2765957446808511,0.40425531914893614,1.1205673758865249,3.00709219858156
Patrick McCaw,78.0,180.0,793.0,65.0,214.0,212.0,61.0,125.0,23.0,129.0,0.753,0.367,0.439,7.6,3.9,3.7,20.0,5.9,0.567,12.2,3.292307692307692,1.9230769230769231,0.35384615384615387,1.9846153846153847,4.2
Matt Thomas,76.0,213.0,341.0,124.0,142.0,150.0,89.0,98.0,11.0,100.0,0.679,,0.336,2.0,-0.9,2.9,14.4,-999.0,0.422,2.75,1.1451612903225807,0.7903225806451613,0.08870967741935484,0.8064516129032258,1.9274193548387097
Malcolm Miller,79.0,210.0,1013.0,112.0,164.0,449.0,83.0,175.0,143.0,93.0,0.765,0.37,0.445,9.1,4.6,4.5,20.1,2.5,0.564,9.044642857142858,1.4642857142857142,1.5625,1.2767857142857142,0.8303571428571429,4.75
Stanley Johnson,78.0,225.0,523.0,38.0,63.0,172.0,75.0,82.0,15.0,57.0,0.742,0.371,0.446,5.7,2.8,2.9,26.6,9.4,0.551,13.763157894736842,1.6578947368421053,2.1578947368421053,0.39473684210526316,1.5,6.5
Oshae Brissett,80.0,210.0,976.0,71.0,95.0,425.0,157.0,138.0,56.0,76.0,0.736,0.307,0.371,7.9,3.2,4.7,23.6,4.1,0.484,13.746478873239436,1.3380281690140845,1.943661971830986,0.7887323943661971,1.0704225352112675,8.197183098591548
Paul Watson,79.0,197.0,1361.0,135.0,116.0,471.0,125.0,202.0,92.0,106.0,0.706,0.362,0.415,8.9,3.8,5.1,19.4,-0.1,0.528,10.08148148148148,0.8592592592592593,1.4962962962962962,0.6814814814814815,0.7851851851851852,4.4148148148148145
Royce O'Neale,78.0,215.0,1268.0,134.0,400.0,549.0,207.0,258.0,45.0,160.0,0.751,0.399,0.477,16.8,9.8,7.1,18.1,6.4,0.602,9.462686567164178,2.985074626865672,1.9253731343283582,0.3358208955223881,1.1940298507462686,5.641791044776119
Donovan Mitchell,75.0,210.0,758.0,65.0,145.0,198.0,71.0,86.0,20.0,95.0,0.788,0.329,0.418,8.2,4.4,3.7,23.3,9.7,0.532,11.661538461538461,2.230769230769231,1.323076923076923,0.3076923076923077,1.4615384615384615,4.138461538461538
Georges Niang,80.0,230.0,2228.0,138.0,421.0,552.0,162.0,318.0,67.0,92.0,0.763,0.375,0.5,16.5,11.5,5.0,26.9,6.4,0.583,16.144927536231883,3.050724637681159,2.3043478260869565,0.4855072463768116,0.6666666666666666,5.173913043478261
Tony Bradley,82.0,240.0,269.0,38.0,23.0,97.0,98.0,25.0,22.0,10.0,0.619,-999.0,0.573,3.1,2.1,1.0,20.7,7.9,0.59,7.078947368421052,0.6052631578947368,0.6578947368421053,0.5789473684210527,0.2631578947368421,5.131578947368421
Mike Conley,73.0,180.0,441.0,39.0,238.0,107.0,27.0,86.0,10.0,87.0,0.694,0.304,0.518,6.1,2.7,3.4,-999.0,-999.0,0.584,11.307692307692308,6.102564102564102,2.2051282051282053,0.2564102564102564,2.230769230769231,3.435897435897436
Jordan Clarkson,77.0,193.0,1433.0,93.0,249.0,236.0,74.0,254.0,26.0,87.0,0.805,0.322,0.44,10.1,6.9,3.2,27.8,3.5,0.548,15.408602150537634,2.6774193548387095,2.7311827956989245,0.27956989247311825,0.9354838709677419,3.333333333333333
Ed Davis,82.0,225.0,562.0,61.0,44.0,321.0,149.0,86.0,129.0,24.0,0.623,-999.0,0.548,7.2,2.6,4.6,19.2,-999.0,0.572,9.21311475409836,0.7213114754098361,1.4098360655737705,2.1147540983606556,0.39344262295081966,7.704918032786885
Rayjon Tucker,77.0,210.0,1081.0,98.0,113.0,333.0,70.0,151.0,28.0,67.0,0.756,0.414,0.505,9.4,6.1,3.3,20.9,2.6,0.637,11.03061224489796,1.153061224489796,1.5408163265306123,0.2857142857142857,0.6836734693877551,4.112244897959184
Nigel Williams-Goss,75.0,185.0,1536.0,100.0,496.0,440.0,69.0,258.0,13.0,133.0,0.806,0.331,0.464,13.6,8.0,5.6,24.7,5.6,0.546,15.36,4.96,2.58,0.13,1.33,5.09
Troy Brown Jr.,0.0,-999.0,700.0,118.0,36.0,-999.0,-999.0,-999.0,64.0,39.0,0.688,,0.48,-999.0,-999.0,-999.0,-999.0,-999.0,0.527,5.932203389830509,0.3050847457627119,-8.466101694915254,0.5423728813559322,0.3305084745762712,-16.93220338983051
Bradley Beal,75.0,207.0,546.0,37.0,83.0,199.0,50.0,79.0,31.0,51.0,0.769,0.339,0.445,5.7,3.6,2.1,23.0,8.4,0.575,14.756756756756756,2.2432432432432434,2.135135135135135,0.8378378378378378,1.3783783783783783,6.72972972972973
Rui Hachimura,80.0,230.0,1230.0,102.0,81.0,341.0,111.0,120.0,50.0,60.0,0.746,0.316,0.579,12.4,7.8,4.6,26.9,8.0,0.629,12.058823529411764,0.7941176470588235,1.1764705882352942,0.49019607843137253,0.5882352941176471,4.431372549019608
Thomas Bryant,82.0,245.0,842.0,69.0,84.0,282.0,146.0,136.0,84.0,43.0,0.718,0.373,0.592,8.2,5.5,2.7,22.2,6.8,0.648,12.202898550724637,1.2173913043478262,1.9710144927536233,1.2173913043478262,0.6231884057971014,6.202898550724639
Moritz Wagner,82.0,210.0,1114.0,107.0,57.0,356.0,128.0,126.0,40.0,83.0,0.698,0.385,0.547,10.7,6.4,4.3,24.7,7.2,0.633,10.411214953271028,0.5327102803738317,1.1775700934579438,0.37383177570093457,0.7757009345794392,4.5233644859813085
Gary Payton II,76.0,180.0,2172.0,120.0,938.0,-999.0,-999.0,396.0,63.0,321.0,0.684,0.369,0.485,-999.0,-999.0,-999.0,-999.0,-999.0,0.559,18.1,7.816666666666666,3.3,0.525,2.675,-16.65
Admiral Schofield,78.0,241.0,1570.0,132.0,177.0,536.0,168.0,188.0,47.0,88.0,0.763,0.387,0.458,12.2,6.9,5.3,24.2,5.6,0.556,11.893939393939394,1.3409090909090908,1.4242424242424243,0.3560606060606061,0.6666666666666666,5.333333333333333
Shabazz Napier,73.0,180.0,1959.0,143.0,646.0,475.0,101.0,350.0,30.0,251.0,0.813,0.375,0.411,20.2,12.8,7.4,24.0,8.5,0.562,13.6993006993007,4.5174825174825175,2.4475524475524475,0.2097902097902098,1.7552447552447552,4.027972027972028
Jerome Robinson,76.0,195.0,947.0,113.0,206.0,109.0,17.0,175.0,68.0,95.0,0.741,0.375,0.44,10.0,5.1,4.8,-999.0,-999.0,0.557,8.380530973451327,1.823008849557522,1.5486725663716814,0.6017699115044248,0.8407079646017699,1.1150442477876106
Johnathan Williams,74.0,185.0,7.0,14.0,1.0,1.0,1.0,3.0,0.0,1.0,,0.5,0.25,0.0,0.0,0.0,-999.0,-999.0,0.391,0.5,0.07142857142857142,0.21428571428571427,0.0,0.07142857142857142,0.14285714285714285
John Wall,76.0,195.0,616.0,37.0,241.0,129.0,30.0,149.0,19.0,66.0,0.754,0.325,0.461,6.3,3.7,2.6,25.7,-999.0,0.562,16.64864864864865,6.513513513513513,4.027027027027027,0.5135135135135135,1.7837837837837838,4.297297297297297
Jerian Grant,77.0,203.0,1739.0,119.0,690.0,296.0,47.0,266.0,37.0,175.0,0.79,0.345,0.436,18.4,13.9,4.5,23.1,6.9,0.563,14.61344537815126,5.798319327731092,2.235294117647059,0.31092436974789917,1.4705882352941178,2.8823529411764706
Jarrod Uthoff,81.0,210.0,1298.0,100.0,121.0,431.0,148.0,104.0,177.0,81.0,0.795,0.383,0.45,13.0,7.6,5.4,24.0,10.7,0.557,12.98,1.21,1.04,1.77,0.81,5.789999999999999
